<?xml version='1.0' encoding='UTF-8'?>
<project>
	<actions />
	<description></description>
	<keepDependencies>false</keepDependencies>
	<properties>
		<hudson.plugins.buildblocker.BuildBlockerProperty
			plugin="build-blocker-plugin@1.7.3">
			<useBuildBlocker>false</useBuildBlocker>
			<blockLevel>GLOBAL</blockLevel>
			<scanQueueFor>DISABLED</scanQueueFor>
			<blockingJobs></blockingJobs>
		</hudson.plugins.buildblocker.BuildBlockerProperty>
		<hudson.plugins.disk__usage.DiskUsageProperty
			plugin="disk-usage@0.28" />
		<com.chikli.hudson.plugin.naginator.NaginatorOptOutProperty
			plugin="naginator@1.17.2">
			<optOut>false</optOut>
		</com.chikli.hudson.plugin.naginator.NaginatorOptOutProperty>
		<hudson.model.ParametersDefinitionProperty>
			<parameterDefinitions>
				<hudson.model.StringParameterDefinition>
					<name>MODULE</name>
					<description>CCRCCommon
						CCRCDTO
						UCEPersistent
						CCRCAuthentication</description>
					<defaultValue></defaultValue>
				</hudson.model.StringParameterDefinition>
			</parameterDefinitions>
		</hudson.model.ParametersDefinitionProperty>
	</properties>
	<scm class="hudson.plugins.git.GitSCM" plugin="git@3.5.1">
		<configVersion>2</configVersion>
		<userRemoteConfigs>
			<hudson.plugins.git.UserRemoteConfig>
				<url>ssh://lchennup@gitscm.cisco.com/ccwren/CCRCScripts.git</url>
			</hudson.plugins.git.UserRemoteConfig>
		</userRemoteConfigs>
		<branches>
			<hudson.plugins.git.BranchSpec>
				<name>*/master</name>
			</hudson.plugins.git.BranchSpec>
		</branches>
		<doGenerateSubmoduleConfigurations>false</doGenerateSubmoduleConfigurations>
		<submoduleCfg class="list" />
		<extensions />
	</scm>
	<assignedNode>master</assignedNode>
	<canRoam>false</canRoam>
	<disabled>false</disabled>
	<blockBuildWhenDownstreamBuilding>false</blockBuildWhenDownstreamBuilding>
	<blockBuildWhenUpstreamBuilding>false</blockBuildWhenUpstreamBuilding>
	<triggers />
	<concurrentBuild>false</concurrentBuild>
	<builders>
		<hudson.tasks.Shell>
			<command>#!/bin/sh

				sh branchcut/main-branch-cut-jar.sh ${MAIN_VERSION}-SNAPSHOT
				${RELEASE_VERSION}-SNAPSHOT ${MODULE} ccrcbbapprover.gen
				echo &quot;done&quot;</command>
		</hudson.tasks.Shell>
	</builders>
	<publishers />
	<buildWrappers />
</project>