<?xml version='1.0' encoding='UTF-8'?>
<project>
	<actions />
	<description></description>
	<keepDependencies>false</keepDependencies>
	<properties>
		<hudson.plugins.buildblocker.BuildBlockerProperty
			plugin="build-blocker-plugin@1.7.3">
			<useBuildBlocker>false</useBuildBlocker>
			<blockLevel>GLOBAL</blockLevel>
			<scanQueueFor>DISABLED</scanQueueFor>
			<blockingJobs></blockingJobs>
		</hudson.plugins.buildblocker.BuildBlockerProperty>
		<hudson.plugins.disk__usage.DiskUsageProperty
			plugin="disk-usage@0.28" />
		<com.chikli.hudson.plugin.naginator.NaginatorOptOutProperty
			plugin="naginator@1.17.2">
			<optOut>false</optOut>
		</com.chikli.hudson.plugin.naginator.NaginatorOptOutProperty>
	</properties>
	<scm class="hudson.plugins.git.GitSCM" plugin="git@3.5.1">
		<configVersion>2</configVersion>
		<userRemoteConfigs>
			<hudson.plugins.git.UserRemoteConfig>
				<url>ssh://lchennup@gitscm.cisco.com/ccwren/ccrcscripts.git</url>
			</hudson.plugins.git.UserRemoteConfig>
		</userRemoteConfigs>
		<branches>
			<hudson.plugins.git.BranchSpec>
				<name>*/master</name>
			</hudson.plugins.git.BranchSpec>
		</branches>
		<doGenerateSubmoduleConfigurations>false</doGenerateSubmoduleConfigurations>
		<submoduleCfg class="list" />
		<extensions />
	</scm>
	<assignedNode>ccrc-lta-dev-01</assignedNode>
	<canRoam>false</canRoam>
	<disabled>false</disabled>
	<blockBuildWhenDownstreamBuilding>false</blockBuildWhenDownstreamBuilding>
	<blockBuildWhenUpstreamBuilding>false</blockBuildWhenUpstreamBuilding>
	<triggers />
	<concurrentBuild>false</concurrentBuild>
	<builders>
		<hudson.tasks.Shell>
			<command>cd metrics/dashboard_generator
				./generate_all_microservice_metrics.sh adminpassword
				./generate_all.sh admin</command>
		</hudson.tasks.Shell>
	</builders>
	<publishers />
	<buildWrappers>
		<hudson.plugins.ws__cleanup.PreBuildCleanup
			plugin="ws-cleanup@0.34">
			<deleteDirs>false</deleteDirs>
			<cleanupParameter></cleanupParameter>
			<externalDelete></externalDelete>
		</hudson.plugins.ws__cleanup.PreBuildCleanup>
	</buildWrappers>
</project>