<?xml version='1.0' encoding='UTF-8'?>
<maven2-moduleset plugin="maven-plugin@3.0-rc1">
	<actions />
	<description></description>
	<keepDependencies>false</keepDependencies>
	<properties>
		<hudson.security.AuthorizationMatrixProperty>
			<permission>com.cloudbees.plugins.credentials.CredentialsProvider.Update:anonymous
			</permission>
			<permission>hudson.model.Run.Delete:anonymous</permission>
			<permission>hudson.model.Item.Workspace:anonymous</permission>
			<permission>com.cloudbees.plugins.credentials.CredentialsProvider.Delete:anonymous
			</permission>
			<permission>com.cloudbees.plugins.credentials.CredentialsProvider.ManageDomains:anonymous
			</permission>
			<permission>hudson.model.Run.Replay:anonymous</permission>
			<permission>hudson.model.Item.Configure:anonymous</permission>
			<permission>hudson.model.Item.Cancel:anonymous</permission>
			<permission>hudson.model.Item.Delete:anonymous</permission>
			<permission>hudson.model.Item.Read:anonymous</permission>
			<permission>com.cloudbees.plugins.credentials.CredentialsProvider.View:anonymous
			</permission>
			<permission>com.cloudbees.plugins.credentials.CredentialsProvider.Create:anonymous
			</permission>
			<permission>hudson.model.Item.Build:anonymous</permission>
			<permission>hudson.model.Item.ExtendedRead:anonymous</permission>
			<permission>hudson.scm.SCM.Tag:anonymous</permission>
			<permission>hudson.model.Item.Move:anonymous</permission>
			<permission>hudson.model.Item.Discover:anonymous</permission>
			<permission>hudson.model.Run.Update:anonymous</permission>
		</hudson.security.AuthorizationMatrixProperty>
		<hudson.plugins.buildblocker.BuildBlockerProperty
			plugin="build-blocker-plugin@1.7.3">
			<useBuildBlocker>false</useBuildBlocker>
			<blockLevel>GLOBAL</blockLevel>
			<scanQueueFor>DISABLED</scanQueueFor>
			<blockingJobs></blockingJobs>
		</hudson.plugins.buildblocker.BuildBlockerProperty>
		<hudson.plugins.disk__usage.DiskUsageProperty
			plugin="disk-usage@0.28" />
		<com.chikli.hudson.plugin.naginator.NaginatorOptOutProperty
			plugin="naginator@1.17.2">
			<optOut>false</optOut>
		</com.chikli.hudson.plugin.naginator.NaginatorOptOutProperty>
		<hudson.model.ParametersDefinitionProperty>
			<parameterDefinitions>
				<hudson.model.StringParameterDefinition>
					<name>TestCase</name>
					<description></description>
					<defaultValue>LoadTestWithoutDeal</defaultValue>
				</hudson.model.StringParameterDefinition>
				<hudson.model.StringParameterDefinition>
					<name>testdata</name>
					<description></description>
					<defaultValue>neelamkatdare_25M_231T.txt</defaultValue>
				</hudson.model.StringParameterDefinition>
				<hudson.model.StringParameterDefinition>
					<name>no.of.users</name>
					<description></description>
					<defaultValue>20</defaultValue>
				</hudson.model.StringParameterDefinition>
				<hudson.model.StringParameterDefinition>
					<name>loop</name>
					<description></description>
					<defaultValue>25</defaultValue>
				</hudson.model.StringParameterDefinition>
			</parameterDefinitions>
		</hudson.model.ParametersDefinitionProperty>
	</properties>
	<scm class="hudson.plugins.git.GitSCM" plugin="git@3.5.1">
		<configVersion>2</configVersion>
		<userRemoteConfigs>
			<hudson.plugins.git.UserRemoteConfig>
				<url>ssh://lchennup@gitscm.cisco.com/ccwren/qotservice_tests.git
				</url>
			</hudson.plugins.git.UserRemoteConfig>
		</userRemoteConfigs>
		<branches>
			<hudson.plugins.git.BranchSpec>
				<name>LoadTest</name>
			</hudson.plugins.git.BranchSpec>
		</branches>
		<doGenerateSubmoduleConfigurations>false
		</doGenerateSubmoduleConfigurations>
		<submoduleCfg class="list" />
		<extensions />
	</scm>
	<assignedNode>ccrc-lta-dev-01</assignedNode>
	<canRoam>false</canRoam>
	<disabled>false</disabled>
	<blockBuildWhenDownstreamBuilding>false
	</blockBuildWhenDownstreamBuilding>
	<blockBuildWhenUpstreamBuilding>false</blockBuildWhenUpstreamBuilding>
	<triggers />
	<concurrentBuild>false</concurrentBuild>
	<rootModule>
		<groupId>QOTServiceTests</groupId>
		<artifactId>QOTServiceTests</artifactId>
	</rootModule>
	<goals>-U clean install -Dtestdata.filename=${testdata}
		-Dbuild.number=${BUILD.NUMBER} -Dno.of.users=${no.of.users}
		-Dloop=${loop} -DTestCase=${TestCase}
	</goals>
	<aggregatorStyleBuild>true</aggregatorStyleBuild>
	<incrementalBuild>false</incrementalBuild>
	<ignoreUpstremChanges>false</ignoreUpstremChanges>
	<ignoreUnsuccessfulUpstreams>false</ignoreUnsuccessfulUpstreams>
	<archivingDisabled>false</archivingDisabled>
	<siteArchivingDisabled>false</siteArchivingDisabled>
	<fingerprintingDisabled>false</fingerprintingDisabled>
	<resolveDependencies>false</resolveDependencies>
	<processPlugins>false</processPlugins>
	<mavenValidationLevel>-1</mavenValidationLevel>
	<runHeadless>false</runHeadless>
	<disableTriggerDownstreamProjects>false
	</disableTriggerDownstreamProjects>
	<blockTriggerWhenBuilding>true</blockTriggerWhenBuilding>
	<settings class="jenkins.mvn.DefaultSettingsProvider" />
	<globalSettings class="jenkins.mvn.DefaultGlobalSettingsProvider" />
	<reporters />
	<publishers />
	<buildWrappers />
	<prebuilders />
	<postbuilders />
	<runPostStepsIfResult>
		<name>FAILURE</name>
		<ordinal>2</ordinal>
		<color>RED</color>
		<completeBuild>true</completeBuild>
	</runPostStepsIfResult>
</maven2-moduleset>