<?xml version='1.0' encoding='UTF-8'?>
<flow-definition plugin="workflow-job@2.11.2">
	<actions />
	<description></description>
	<keepDependencies>false</keepDependencies>
	<properties>
		<io.fabric8.jenkins.openshiftsync.BuildConfigProjectProperty
			plugin="openshift-sync@0.1.30">
			<uid></uid>
			<namespace></namespace>
			<name></name>
			<resourceVersion></resourceVersion>
		</io.fabric8.jenkins.openshiftsync.BuildConfigProjectProperty>
		<jenkins.model.BuildDiscarderProperty>
			<strategy class="hudson.tasks.LogRotator">
				<daysToKeep>-1</daysToKeep>
				<numToKeep>10</numToKeep>
				<artifactDaysToKeep>-1</artifactDaysToKeep>
				<artifactNumToKeep>-1</artifactNumToKeep>
			</strategy>
		</jenkins.model.BuildDiscarderProperty>
		<org.jenkinsci.plugins.workflow.job.properties.DisableConcurrentBuildsJobProperty />
		<hudson.model.ParametersDefinitionProperty>
			<parameterDefinitions>
				<hudson.model.ChoiceParameterDefinition>
					<name>ENV</name>
					<description></description>
					<choices class="java.util.Arrays$ArrayList">
						<a class="string-array">
							<string>dev-main</string>
							<string>dev-rel</string>
							<string>stg1-main</string>
							<string>stg2-main</string>
							<string>stg1-rel</string>
							<string>stg2-rel</string>
							<string>lt-main</string>
						</a>
					</choices>
				</hudson.model.ChoiceParameterDefinition>
				<hudson.model.ChoiceParameterDefinition>
					<name>APP</name>
					<description></description>
					<choices class="java.util.Arrays$ArrayList">
						<a class="string-array">
							<string>haproxy</string>
							<string>consul</string>
							<string>git2consul</string>
							<string>memcached</string>
							<string>logging</string>
							<string>metrics</string>
							<string>rabbitmq-blue</string>
							<string>rabbitmq-green</string>
							<string>sonar</string>
						</a>
					</choices>
				</hudson.model.ChoiceParameterDefinition>
				<hudson.model.ChoiceParameterDefinition>
					<name>SUBTYPE</name>
					<description></description>
					<choices class="java.util.Arrays$ArrayList">
						<a class="string-array">
							<string>apihaproxy</string>
							<string>exthaproxy</string>
							<string>haproxysvc</string>
							<string>haproxyweb</string>
							<string>saashaproxysvc</string>
							<string>saashaproxyweb</string>
							<string>kibana</string>
							<string>logstash</string>
							<string>logstash-exc</string>
							<string>grafana</string>
							<string>influx</string>
							<string>telegraf-statsd</string>
							<string>telegraf-jmx</string>
						</a>
					</choices>
				</hudson.model.ChoiceParameterDefinition>
			</parameterDefinitions>
		</hudson.model.ParametersDefinitionProperty>
		<org.jenkinsci.plugins.workflow.job.properties.PipelineTriggersJobProperty>
			<triggers />
		</org.jenkinsci.plugins.workflow.job.properties.PipelineTriggersJobProperty>
	</properties>
	<definition class="org.jenkinsci.plugins.workflow.cps.CpsScmFlowDefinition"
		plugin="workflow-cps@2.39">
		<scm class="hudson.plugins.git.GitSCM" plugin="git@3.5.1">
			<configVersion>2</configVersion>
			<userRemoteConfigs>
				<hudson.plugins.git.UserRemoteConfig>
					<url>ssh://git@gitscm.cisco.com/ccwren/CCRCScripts.git</url>
				</hudson.plugins.git.UserRemoteConfig>
			</userRemoteConfigs>
			<branches>
				<hudson.plugins.git.BranchSpec>
					<name>*/CCRCScripts_P3</name>
				</hudson.plugins.git.BranchSpec>
			</branches>
			<doGenerateSubmoduleConfigurations>false
			</doGenerateSubmoduleConfigurations>
			<submoduleCfg class="list" />
			<extensions />
		</scm>
		<scriptPath>jenkins/nonmicroservices/create_nonms.groovy</scriptPath>
		<lightweight>false</lightweight>
	</definition>
	<triggers />
	<disabled>false</disabled>
</flow-definition>