<?xml version='1.0' encoding='UTF-8'?>
<flow-definition plugin="workflow-job@2.2">
  <actions/>
  <description></description>
  <keepDependencies>false</keepDependencies>
  <properties>
    <hudson.plugins.buildblocker.BuildBlockerProperty plugin="build-blocker-plugin@1.7.3">
      <useBuildBlocker>false</useBuildBlocker>
      <blockLevel>GLOBAL</blockLevel>
      <scanQueueFor>DISABLED</scanQueueFor>
      <blockingJobs></blockingJobs>
    </hudson.plugins.buildblocker.BuildBlockerProperty>
    <jenkins.model.BuildDiscarderProperty>
      <strategy class="hudson.tasks.LogRotator">
          <daysToKeep>-1</daysToKeep>
          <numToKeep>10</numToKeep>
          <artifactDaysToKeep>-1</artifactDaysToKeep>
          <artifactNumToKeep>-1</artifactNumToKeep>
      </strategy>
    </jenkins.model.BuildDiscarderProperty>
    <hudson.model.ParametersDefinitionProperty>
      <parameterDefinitions>
        <hudson.model.StringParameterDefinition>
          <name>MODULE</name>
          <description></description>
          <defaultValue>QOTService</defaultValue>
        </hudson.model.StringParameterDefinition>
        <hudson.model.StringParameterDefinition>
          <name>HOSTS</name>
          <description></description>
        </hudson.model.StringParameterDefinition>
      </parameterDefinitions>
    </hudson.model.ParametersDefinitionProperty>
  </properties>
  <definition class="org.jenkinsci.plugins.workflow.cps.CpsScmFlowDefinition" plugin="workflow-cps@2.4">
    <scm class="hudson.plugins.git.GitSCM" plugin="git@2.4.4">
      <configVersion>2</configVersion>
      <userRemoteConfigs>
        <hudson.plugins.git.UserRemoteConfig>
          <url>ssh://daroulea@gitscm.cisco.com/ccwren/CCRCScripts.git</url>
        </hudson.plugins.git.UserRemoteConfig>
      </userRemoteConfigs>
      <branches>
        <hudson.plugins.git.BranchSpec>
          <name>*/master</name>
        </hudson.plugins.git.BranchSpec>
      </branches>
      <doGenerateSubmoduleConfigurations>false</doGenerateSubmoduleConfigurations>
      <submoduleCfg class="list"/>
      <extensions/>
    </scm>
    <scriptPath>jenkins/prd/deploy_preprd.groovy</scriptPath>
  </definition>
  <triggers/>
  <concurrentBuild>false</concurrentBuild>
</flow-definition>