<?xml version='1.0' encoding='UTF-8'?>
<flow-definition plugin="workflow-job@2.12.1">
  <actions/>
  <description></description>
  <keepDependencies>false</keepDependencies>
  <properties>
    <io.fabric8.jenkins.openshiftsync.BuildConfigProjectProperty plugin="openshift-sync@0.1.23">
      <uid></uid>
      <namespace></namespace>
      <name></name>
      <resourceVersion></resourceVersion>
    </io.fabric8.jenkins.openshiftsync.BuildConfigProjectProperty>
    <org.jenkinsci.plugins.workflow.job.properties.DisableConcurrentBuildsJobProperty/>
    <jenkins.model.BuildDiscarderProperty>
      <strategy class="hudson.tasks.LogRotator">
          <daysToKeep>-1</daysToKeep>
          <numToKeep>10</numToKeep>
          <artifactDaysToKeep>-1</artifactDaysToKeep>
          <artifactNumToKeep>-1</artifactNumToKeep>
      </strategy>
    </jenkins.model.BuildDiscarderProperty>
    <hudson.model.ParametersDefinitionProperty>
      <parameterDefinitions>
        <hudson.model.StringParameterDefinition>
          <name>Version</name>
          <description></description>
          <defaultValue>1.3.5</defaultValue>
        </hudson.model.StringParameterDefinition>
        <hudson.model.StringParameterDefinition>
          <name>ReleaseNo</name>
          <description></description>
          <defaultValue>1</defaultValue>
        </hudson.model.StringParameterDefinition>
        <hudson.model.StringParameterDefinition>
          <name>EXT</name>
          <description></description>
          <defaultValue>war</defaultValue>
        </hudson.model.StringParameterDefinition>
        <hudson.model.StringParameterDefinition>
          <name>MODULE</name>
          <description></description>
          <defaultValue>QOTService</defaultValue>
        </hudson.model.StringParameterDefinition>
        <hudson.model.StringParameterDefinition>
          <name>ENV</name>
          <description></description>
          <defaultValue>stg-main</defaultValue>
        </hudson.model.StringParameterDefinition>
        <hudson.model.StringParameterDefinition>
          <name>SERVICENAME</name>
          <description></description>
          <defaultValue>qotservice</defaultValue>
        </hudson.model.StringParameterDefinition>
      </parameterDefinitions>
    </hudson.model.ParametersDefinitionProperty>
    <org.jenkinsci.plugins.workflow.job.properties.PipelineTriggersJobProperty>
      <triggers/>
    </org.jenkinsci.plugins.workflow.job.properties.PipelineTriggersJobProperty>
  </properties>
  <definition class="org.jenkinsci.plugins.workflow.cps.CpsScmFlowDefinition" plugin="workflow-cps@2.36.1">
    <scm class="hudson.plugins.git.GitSCM" plugin="git@3.4.1">
      <configVersion>2</configVersion>
      <userRemoteConfigs>
        <hudson.plugins.git.UserRemoteConfig>
          <url>ssh://daroulea@gitscm.cisco.com/ccwren/CCRCScripts.git</url>
        </hudson.plugins.git.UserRemoteConfig>
      </userRemoteConfigs>
      <branches>
        <hudson.plugins.git.BranchSpec>
          <name>*/CCRCScripts_P3</name>
        </hudson.plugins.git.BranchSpec>
      </branches>
      <doGenerateSubmoduleConfigurations>false</doGenerateSubmoduleConfigurations>
      <submoduleCfg class="list"/>
      <extensions/>
    </scm>
    <scriptPath>jenkins/stage/deploy_stage_cae.groovy</scriptPath>
    <lightweight>false</lightweight>
  </definition>
  <triggers/>
  <authToken>qotservice-cae</authToken>
  <disabled>false</disabled>
</flow-definition>