<?xml version='1.0' encoding='UTF-8'?>
<project>
  <actions/>
  <description></description>
  <keepDependencies>false</keepDependencies>
  <properties>
    <hudson.security.AuthorizationMatrixProperty>
      <permission>hudson.model.Item.Cancel:anonymous</permission>
      <permission>hudson.model.Item.Read:anonymous</permission>
      <permission>hudson.model.Item.Workspace:anonymous</permission>
      <permission>com.cloudbees.plugins.credentials.CredentialsProvider.View:anonymous</permission>
      <permission>hudson.model.Item.Build:anonymous</permission>
    </hudson.security.AuthorizationMatrixProperty>
    <hudson.plugins.buildblocker.BuildBlockerProperty plugin="build-blocker-plugin@1.7.3">
      <useBuildBlocker>true</useBuildBlocker>
      <blockLevel>GLOBAL</blockLevel>
      <scanQueueFor>DISABLED</scanQueueFor>
      <blockingJobs>QOTService-main</blockingJobs>
    </hudson.plugins.buildblocker.BuildBlockerProperty>
    <jenkins.model.BuildDiscarderProperty>
      <strategy class="hudson.tasks.LogRotator">
        <daysToKeep>-1</daysToKeep>
        <numToKeep>10</numToKeep>
        <artifactDaysToKeep>-1</artifactDaysToKeep>
        <artifactNumToKeep>-1</artifactNumToKeep>
      </strategy>
    </jenkins.model.BuildDiscarderProperty>
    <hudson.plugins.disk__usage.DiskUsageProperty plugin="disk-usage@0.28"/>
    <com.chikli.hudson.plugin.naginator.NaginatorOptOutProperty plugin="naginator@1.17.2">
      <optOut>false</optOut>
    </com.chikli.hudson.plugin.naginator.NaginatorOptOutProperty>
  </properties>
  <scm class="hudson.plugins.git.GitSCM" plugin="git@3.5.1">
    <configVersion>2</configVersion>
    <userRemoteConfigs>
      <hudson.plugins.git.UserRemoteConfig>
        <url>ssh://lchennup@gitscm.cisco.com/ccwren/QOTService.git</url>
      </hudson.plugins.git.UserRemoteConfig>
    </userRemoteConfigs>
    <branches>
      <hudson.plugins.git.BranchSpec>
        <name>master</name>
      </hudson.plugins.git.BranchSpec>
    </branches>
    <doGenerateSubmoduleConfigurations>false</doGenerateSubmoduleConfigurations>
    <submoduleCfg class="list"/>
    <extensions/>
  </scm>
  <assignedNode>ccrc-nprd-alln-deployer</assignedNode>
  <canRoam>false</canRoam>
  <disabled>false</disabled>
  <blockBuildWhenDownstreamBuilding>false</blockBuildWhenDownstreamBuilding>
  <blockBuildWhenUpstreamBuilding>false</blockBuildWhenUpstreamBuilding>
  <authToken>qotservice</authToken>
  <triggers/>
  <concurrentBuild>false</concurrentBuild>
  <builders>
    <hudson.plugins.parameterizedtrigger.TriggerBuilder plugin="parameterized-trigger@2.35.2">
      <configs>
        <hudson.plugins.parameterizedtrigger.BlockableBuildTriggerConfig>
          <configs class="empty-list"/>
          <projects>QOTService-API-Testcases</projects>
          <condition>ALWAYS</condition>
          <triggerWithNoParameters>false</triggerWithNoParameters>
          <triggerFromChildProjects>false</triggerFromChildProjects>
          <block>
            <buildStepFailureThreshold>
              <name>FAILURE</name>
              <ordinal>2</ordinal>
              <color>RED</color>
              <completeBuild>true</completeBuild>
            </buildStepFailureThreshold>
            <unstableThreshold>
              <name>UNSTABLE</name>
              <ordinal>1</ordinal>
              <color>YELLOW</color>
              <completeBuild>true</completeBuild>
            </unstableThreshold>
            <failureThreshold>
              <name>FAILURE</name>
              <ordinal>2</ordinal>
              <color>RED</color>
              <completeBuild>true</completeBuild>
            </failureThreshold>
          </block>
          <buildAllNodesWithLabel>false</buildAllNodesWithLabel>
        </hudson.plugins.parameterizedtrigger.BlockableBuildTriggerConfig>
      </configs>
    </hudson.plugins.parameterizedtrigger.TriggerBuilder>
    <hudson.tasks.Shell>
      <command>#!/bin/sh 

git archive --remote=ssh://lchennup@gitscm.cisco.com/ccwren/ccrcscripts.git master:jenkins/stage build_stage.sh | tar xf -
./build_stage.sh QOTService ServiceContract stg-main</command>
    </hudson.tasks.Shell>
  </builders>
  <publishers>
    <org.jenkinsci.plugins.spark.SparkNotifier plugin="cisco-spark@1.1.1">
      <disable>false</disable>
      <notnotifyifsuccess>true</notnotifyifsuccess>
      <attachcodechange>false</attachcodechange>
      <invitetoroom>true</invitetoroom>
      <attachtestresult>false</attachtestresult>
      <sparkRoomName>CCRC Jenkins Builds</sparkRoomName>
      <publishContentPrefix></publishContentPrefix>
      <publishContent>${DEFAULT_CONTENT};</publishContent>
    </org.jenkinsci.plugins.spark.SparkNotifier>
    <com.chikli.hudson.plugin.naginator.NaginatorPublisher plugin="naginator@1.17.2">
      <regexpForRerun></regexpForRerun>
      <rerunIfUnstable>true</rerunIfUnstable>
      <rerunMatrixPart>false</rerunMatrixPart>
      <checkRegexp>false</checkRegexp>
      <regexpForMatrixStrategy>TestParent</regexpForMatrixStrategy>
      <delay class="com.chikli.hudson.plugin.naginator.FixedDelay">
        <delay>0</delay>
      </delay>
      <maxSchedule>1</maxSchedule>
    </com.chikli.hudson.plugin.naginator.NaginatorPublisher>
  </publishers>
  <buildWrappers/>
</project>
