{
  "servers": [
    {
      "port": "1099",
      "host": "$hostIP",
      "alias": "$hostName",
      "queries": [
        {
          "outputWriters": [
            {
              "@class": "com.googlecode.jmxtrans.model.output.InfluxDbWriterFactory",
              "url": "http://$influxIP:8086/",
              "database": "kafka",
              "username": "admin",
              "password": "cisco123"
            }
          ],
          "obj": "java.lang:type=Memory",
          "attr": [
            "HeapMemoryUsage",
            "NonHeapMemoryUsage"
          ],
          "resultAlias": "$hostName.memoryUsage"
        },
        {
          "outputWriters": [
            {
              "@class": "com.googlecode.jmxtrans.model.output.InfluxDbWriterFactory",
              "url": "http://$influxIP:8086/",
              "database": "kafka",
              "username": "admin",
              "password": "cisco123"
            }
          ],
          "obj": "java.lang:type=MemoryPool,name=G1 Eden Space",
          "attr": [
            "Usage",
            "PeakUsage"
          ],
          "resultAlias": "$hostName.memoryPool.edenSpace"
        },
        {
          "outputWriters": [
            {
              "@class": "com.googlecode.jmxtrans.model.output.InfluxDbWriterFactory",
              "url": "http://$influxIP:8086/",
              "database": "kafka",
              "username": "admin",
              "password": "cisco123"
            }
          ],
          "obj": "java.lang:type=MemoryPool,name=G1 Old Gen",
          "attr": [
            "Usage",
            "PeakUsage"
          ],
          "resultAlias": "$hostName.memoryPool.oldGen"
        },
        {
          "outputWriters": [
            {
              "@class": "com.googlecode.jmxtrans.model.output.InfluxDbWriterFactory",
              "url": "http://$influxIP:8086/",
              "database": "kafka",
              "username": "admin",
              "password": "cisco123"
            }
          ],
          "obj": "java.lang:type=MemoryPool,name=G1 Survivor Space",
          "attr": [
            "Usage",
            "PeakUsage"
          ],
          "resultAlias": "$hostName.memoryPool.survivorSpace"
        },
        {
          "outputWriters": [
            {
              "@class": "com.googlecode.jmxtrans.model.output.InfluxDbWriterFactory",
              "url": "http://$influxIP:8086/",
              "database": "kafka",
              "username": "admin",
              "password": "cisco123"
            }
          ],
          "obj": "java.lang:type=OperatingSystem",
          "attr": [
            "SystemLoadAverage",
            "OpenFileDescriptorCount",
            "TotalSwapSpaceSize",
            "OpenFileDescriptorCount",
            "FreeSwapSpaceSize"
          ],
          "resultAlias": "$hostName.jvmOS"
        },
        {
          "outputWriters": [
            {
              "@class": "com.googlecode.jmxtrans.model.output.InfluxDbWriterFactory",
              "url": "http://$influxIP:8086/",
              "database": "kafka",
              "username": "admin",
              "password": "cisco123"
            }
          ],
          "obj": "java.lang:type=Threading",
          "attr": [
            "ThreadCount"
          ],
          "resultAlias": "$hostName.jvmThread"
        },
        {
          "outputWriters": [
            {
              "@class": "com.googlecode.jmxtrans.model.output.InfluxDbWriterFactory",
              "url": "http://$influxIP:8086/",
              "database": "kafka",
              "username": "admin",
              "password": "cisco123",
              "typeNames" : ["name"]
            }
          ],
          "obj": "java.lang:type=GarbageCollector,name=*",
          "attr": [
            "CollectionTime",
            "CollectionCount"
          ],
          "resultAlias": "$hostName.garbageCollector"
        },
        {
          "outputWriters": [
            {
              "@class": "com.googlecode.jmxtrans.model.output.InfluxDbWriterFactory",
              "url": "http://$influxIP:8086/",
              "database": "kafka",
              "username": "admin",
              "password": "cisco123",
              "typeNames" : ["name"]
            }
          ],
          "obj": "kafka.controller:type=ControllerStats,*",
          "attr": [
            "Count",
            "MeanRate",
            "75thPercentile",
            "95thPercentile"
          ],
          "resultAlias": "$hostName.controllerStats"
        },
        {
          "outputWriters": [
            {
              "@class": "com.googlecode.jmxtrans.model.output.InfluxDbWriterFactory",
              "url": "http://$influxIP:8086/",
              "database": "kafka",
              "username": "admin",
              "password": "cisco123",
              "typeNames" : ["name"]
            }
          ],
          "obj": "kafka.controller:type=KafkaController,*",
          "attr": [
            "Value"
          ],
          "resultAlias": "$hostName.kafkaController"
        },
        {
          "outputWriters": [
            {
              "@class": "com.googlecode.jmxtrans.model.output.InfluxDbWriterFactory",
              "url": "http://$influxIP:8086/",
              "database": "kafka",
              "username": "admin",
              "password": "cisco123",
              "typeNames": [
                "name",
                "clientId",
                "brokerHost",
                "brokerPort"
              ]
            }
          ],
          "obj": "kafka.network:type=RequestMetrics,name=TotalTimeMs,request=FetchConsumer",
          "attr": [
            "Count",
            "Mean",
            "75thPercentile",
            "95thPercentile"
          ],
          "resultAlias": "$hostName.networkRequestMetrics.fetchConsumer"
        },
        {
          "outputWriters": [
            {
              "@class": "com.googlecode.jmxtrans.model.output.InfluxDbWriterFactory",
              "url": "http://$influxIP:8086/",
              "database": "kafka",
              "username": "admin",
              "password": "cisco123",
              "typeNames": [
                "name",
                "clientId",
                "brokerHost",
                "brokerPort"
              ]
            }
          ],
          "obj": "kafka.network:type=RequestMetrics,name=TotalTimeMs,request=FetchFollower",
          "attr": [
            "Count",
            "Mean",
            "75thPercentile",
            "95thPercentile"
          ],
          "resultAlias": "$hostName.networkRequestMetrics.fetchFollower"
        },
        {
          "outputWriters": [
            {
              "@class": "com.googlecode.jmxtrans.model.output.InfluxDbWriterFactory",
              "url": "http://$influxIP:8086/",
              "database": "kafka",
              "username": "admin",
              "password": "cisco123",
              "typeNames": [
                "name",
                "clientId",
                "brokerHost",
                "brokerPort"
              ]
            }
          ],
          "obj": "kafka.network:type=RequestMetrics,name=TotalTimeMs,request=Produce",
          "attr": [
            "Count",
            "Mean",
            "75thPercentile",
            "95thPercentile"
          ],
          "resultAlias": "$hostName.networkRequestMetrics.produce"
        },
        {
          "outputWriters": [
            {
              "@class": "com.googlecode.jmxtrans.model.output.InfluxDbWriterFactory",
              "url": "http://$influxIP:8086/",
              "database": "kafka",
              "username": "admin",
              "password": "cisco123"
            }
          ],
          "obj": "kafka.server:type=BrokerTopicMetrics,name=BytesInPerSec",
          "attr": [
            "Count",
            "EventType",
            "MeanRate"
          ],
          "resultAlias": "$hostName.brokerTopicMetrics.bytesInPerSec"
        },
        {
          "outputWriters": [
            {
              "@class": "com.googlecode.jmxtrans.model.output.InfluxDbWriterFactory",
              "url": "http://$influxIP:8086/",
              "database": "kafka",
              "username": "admin",
              "password": "cisco123"
            }
          ],
          "obj": "kafka.server:type=BrokerTopicMetrics,name=BytesOutPerSec",
          "attr": [
            "Count",
            "EventType",
            "MeanRate"
          ],
          "resultAlias": "$hostName.brokerTopicMetrics.bytesOutPerSec"
        },
        {
          "outputWriters": [
            {
              "@class": "com.googlecode.jmxtrans.model.output.InfluxDbWriterFactory",
              "url": "http://$influxIP:8086/",
              "database": "kafka",
              "username": "admin",
              "password": "cisco123",
              "typeNames" : ["name"]
            }
          ],
          "obj": "kafka.server:type=ReplicaManager,name=*",
          "attr": [
            "Value"
          ],
          "resultAlias": "$hostName.replicaManager"
        },
        {
          "outputWriters": [
            {
              "@class": "com.googlecode.jmxtrans.model.output.InfluxDbWriterFactory",
              "url": "http://$influxIP:8086/",
              "database": "kafka",
              "username": "admin",
              "password": "cisco123",
              "typeNames" : ["name"]
            }
          ],
          "obj": "kafka.server:type=DelayedOperationPurgatory,name=PurgatorySize,delayedOperation=*",
          "attr": [
            "Value"
          ],
          "resultAlias": "$hostName.delayedOperationPurgatory"
        }
      ],
      "numQueryThreads": 1
    }
  ]
}

