{
    "annotations": {
        "list": []
    },
    "editable": true,
    "gnetId": null,
    "graphTooltip": 0,
    "hideControls": false,
    "id": null,
    "links": [],
    "rows": [
        {
            "collapse": false,
            "height": "250px",
            "panels": [ "{panels}"
            ],
            "repeat": null,
            "repeatIteration": null,
            "repeatRowId": null,
            "showTitle": true,
            "title": "Metrics",
            "titleSize": "h6"
        }
    ],
    "schemaVersion": 14,
    "style": "dark",
    "tags": [],
    "templating": {
        "list": [
            {
                "auto": false,
                "auto_count": 30,
                "auto_min": "10s",
                "current": {
                    "text": "1d",
                    "value": "1d"
                },
                "hide": 0,
                "label": "",
                "name": "Interval",
                "options": [
                    {
                        "selected": false,
                        "text": "1m",
                        "value": "1m"
                    },
                    {
                        "selected": false,
                        "text": "10m",
                        "value": "10m"
                    },
                    {
                        "selected": false,
                        "text": "1h",
                        "value": "1h"
                    },
                    {
                        "selected": false,
                        "text": "6h",
                        "value": "6h"
                    },
                    {
                        "selected": false,
                        "text": "12h",
                        "value": "12h"
                    },
                    {
                        "selected": true,
                        "text": "1d",
                        "value": "1d"
                    },
                    {
                        "selected": false,
                        "text": "7d",
                        "value": "7d"
                    },
                    {
                        "selected": false,
                        "text": "14d",
                        "value": "14d"
                    },
                    {
                        "selected": false,
                        "text": "30d",
                        "value": "30d"
                    }
                ],
                "query": "1m, 10m, 1h,6h,12h,1d,7d,14d,30d",
                "refresh": 2,
                "type": "interval"
            },
            {
                "current": {
                    "text": "hourly_aggregates",
                    "value": "hourly_aggregates"
                },
                "hide": 0,
                "label": "Data Source",
                "name": "aggregates",
                "options": [],
                "query": "influxdb",
                "refresh": 1,
                "regex": "/.*aggregates|statsd/",
                "type": "datasource"
            }
        ]
    },
    "time": {
        "from": "now-7d",
        "now": false,
        "to": "now"
    },
    "timepicker": {
        "collapse": false,
        "enable": true,
        "notice": false,
        "now": true,
        "refresh_intervals": [
            "1m",
            "10m",
            "1h",
            "2h",
            "1d"
        ],
        "status": "Stable",
        "time_options": [
            "1h",
            "6h",
            "12h",
            "24h",
            "2d",
            "7d",
            "30d"
        ],
        "type": "timepicker"
    },
    "timezone": "browser",
    "title": "Hatinder - Aggregate Dashboard",
    "version": 1
}
