{
    "allValue": null,
    "current": {
        "tags": [],
        "text": "dc1.stage",
        "value": "dc1.stage"
    },
    "hide": 0,
    "includeAll": false,
    "label": "Environment",
    "multi": false,
    "name": "src",
    "options": [
        {
            "selected": true,
            "text": "dc1.stage",
            "value": "dc1.stage"
        },
        {
            "selected": false,
            "text": "dc2.stage",
            "value": "dc2.stage"
        },
        {
            "selected": false,
            "text": "dev",
            "value": "dev"
        },
        {
            "selected": false,
            "text": "lt",
            "value": "lt"
        }
    ],
    "query": "dc1.stage,dc2.stage,dev,lt",
    "type": "custom"
}
