        {
          "aliasColors": {
            "Count": "#052B51"
          },
          "bars": false,
          "datasource": "$aggregates",
          "decimals": 0,
          "editable": true,
          "error": false,
          "fill": 1,
          "grid": {
            "leftLogBase": 2,
            "leftMax": null,
            "leftMin": null,
            "rightLogBase": 1,
            "rightMax": null,
            "rightMin": null
          },
          "id": null,
          "interval": "$Interval",
          "legend": {
            "alignAsTable": false,
            "avg": false,
            "current": false,
            "max": true,
            "min": true,
            "rightSide": false,
            "show": true,
            "total": false,
            "values": true
          },
          "lines": true,
          "linewidth": 2,
          "links": [],
          "nullPointMode": "connected",
          "percentage": false,
          "pointradius": 5,
          "points": false,
          "renderer": "flot",
          "seriesOverrides": [
            {
              "alias": "Count",
              "bars": true,
              "fill": 1,
              "lines": false,
              "yaxis": 2,
              "zindex": -3
            },
            {
              "alias": "95",
              "bars": false,
              "zindex": 3
            },
            {
              "alias": "75",
              "bars": false,
              "zindex": 3
            }
          ],
          "span": 4,
          "stack": false,
          "steppedLine": false,
          "targets": [
            {
              "alias": "Count",
              "column": "value",
              "dsType": "influxdb",
              "function": "mean",
              "groupBy": [
                {
                  "params": [
                    "$Interval"
                  ],
                  "type": "time"
                },
                {
                  "params": [
                    "null"
                  ],
                  "type": "fill"
                }
              ],
              "interval": "$Interval",
              "policy": "default",
              "query": "select sum(count) from /$src.{0}/ where $timeFilter group by time($interval)",
              "rawQuery": true,
              "refId": "A",
              "resultFormat": "time_series",
              "select": [
                [
                  {
                    "params": [
                      "value"
                    ],
                    "type": "field"
                  },
                  {
                    "params": [],
                    "type": "mean"
                  }
                ]
              ],
              "tags": []
            },
            {
              "alias": "75",
              "column": "value",
              "dsType": "influxdb",
              "function": "mean",
              "groupBy": [
                {
                  "params": [
                    "$Interval"
                  ],
                  "type": "time"
                },
                {
                  "params": [
                    "null"
                  ],
                  "type": "fill"
                }
              ],
              "interval": "$Interval",
              "policy": "default",
              "query": "select percentile(/75_percentile/, 75) from /$src.{0}/ where $timeFilter group by time($interval)",
              "rawQuery": true,
              "refId": "B",
              "resultFormat": "time_series",
              "select": [
                [
                  {
                    "params": [
                      "value"
                    ],
                    "type": "field"
                  },
                  {
                    "params": [],
                    "type": "mean"
                  }
                ]
              ],
              "tags": []
            },
            {
              "alias": "95",
              "column": "value",
              "dsType": "influxdb",
              "function": "mean",
              "groupBy": [
                {
                  "params": [
                    "$Interval"
                  ],
                  "type": "time"
                },
                {
                  "params": [
                    "null"
                  ],
                  "type": "fill"
                }
              ],
              "policy": "default",
              "query": "select percentile(/95_percentile/, 95) from /$src.{0}/ where $timeFilter group by time($interval)",
              "rawQuery": true,
              "refId": "C",
              "resultFormat": "time_series",
              "select": [
                [
                  {
                    "params": [
                      "value"
                    ],
                    "type": "field"
                  },
                  {
                    "params": [],
                    "type": "mean"
                  }
                ]
              ],
              "tags": []
            }
          ],
          "thresholds": [],
          "timeFrom": null,
          "timeShift": null,
          "title": "Accuprice",
          "tooltip": {
            "msResolution": false,
            "shared": true,
            "sort": 0,
            "value_type": "cumulative"
          },
          "type": "graph",
          "x-axis": true,
          "xaxis": {
            "mode": "time",
            "name": null,
            "show": true,
            "values": []
          },
          "y-axis": true,
          "y_formats": [
            "ms",
            "none"
          ],
          "yaxes": [
            {
              "format": "ms",
              "label": null,
              "logBase": 2,
              "max": null,
              "min": 2,
              "show": true
            },
            {
              "format": "short",
              "label": null,
              "logBase": 1,
              "max": null,
              "min": null,
              "show": true
            }
          ]
        }
