{
    "dashboard_name": "api", 
    "metrics": [
        {
            "panels": [
                {
                    "series": "com.cisco.ccrc.api.service.edge.configuration.QuoteConfigController.findLines", 
                    "title": "service.edge.configuration.QuoteConfigController.findLines"
                }
            ], 
            "row-title": "Inbound REST API Call Metrics"
        }, 
        {
            "panels": [
                {
                    "series": "com.cisco.ccrc.api.service.edge.quote.QuoteServiceImpl.createQuote", 
                    "title": "service.edge.quote.QuoteServiceImpl.createQuote"
                }, 
                {
                    "series": "com.cisco.ccrc.api.service.edge.quote.QuoteServiceImpl.readQuote", 
                    "title": "service.edge.quote.QuoteServiceImpl.readQuote"
                }, 
                {
                    "series": "com.cisco.ccrc.api.service.edge.quote.QuoteServiceImpl.validateQuote", 
                    "title": "service.edge.quote.QuoteServiceImpl.validateQuote"
                }
            ], 
            "row-title": "Outbound REST API Call Metrics"
        }, 
        {
            "panels": [
                {
                    "series": "com.cisco.ccrc.api.service.edge.configuration.QuoteConfigServiceImpl.readConfigurations", 
                    "title": "service.edge.configuration.QuoteConfigServiceImpl.readConfigurations"
                }, 
                {
                    "series": "com.cisco.ccrc.api.service.edge.quote.QuoteRestController.create", 
                    "title": "service.edge.quote.QuoteRestController.create"
                }, 
                {
                    "series": "com.cisco.ccrc.api.service.edge.quote.QuoteRestController.findQuote", 
                    "title": "service.edge.quote.QuoteRestController.findQuote"
                }, 
                {
                    "series": "com.cisco.ccrc.api.service.json.quote.CreateQuoteJSONTransformer.transform", 
                    "title": "service.json.quote.CreateQuoteJSONTransformer.transform"
                }, 
                {
                    "series": "com.cisco.ccrc.api.service.json.quote.ErrorJSONTransformer.transform", 
                    "title": "service.json.quote.ErrorJSONTransformer.transform"
                }, 
                {
                    "series": "com.cisco.ccrc.api.service.json.quote.QuoteConfigJSONTransformer.transform", 
                    "title": "service.json.quote.QuoteConfigJSONTransformer.transform"
                }, 
                {
                    "series": "com.cisco.ccrc.api.service.json.quote.QuoteResponseJSONTransformer.transform", 
                    "title": "service.json.quote.QuoteResponseJSONTransformer.transform"
                }
            ], 
            "row-title": "Additional Metrics"
        }
    ]
}