{
    "dashboard_name": "authentication", 
    "metrics": [
        {
            "panels": [], 
            "row-title": "Inbound REST API Call Metrics"
        }, 
        {
            "panels": [], 
            "row-title": "Outbound REST API Call Metrics"
        }, 
        {
            "panels": [
                {
                    "series": "com.cisco.ccrc.authentication.oauth.OAuthTokenServiceImpl.getToken", 
                    "title": "oauth.OAuthTokenServiceImpl.getToken"
                }, 
                {
                    "series": "com.cisco.ccrc.authentication.oauth.OAuthTokenServiceImpl.validateInOAuth", 
                    "title": "oauth.OAuthTokenServiceImpl.validateInOAuth"
                }
            ], 
            "row-title": "Additional Metrics"
        }
    ]
}