{
    "dashboard_name": "b2b", 
    "metrics": [
        {
            "panels": [], 
            "row-title": "Inbound REST API Call Metrics"
        }, 
        {
            "panels": [], 
            "row-title": "Outbound REST API Call Metrics"
        }, 
        {
            "panels": [
                {
                    "series": "com.cisco.ccrc.b2b.message.QuoteOrderQueueConsumer.receiveMessage", 
                    "title": "message.QuoteOrderQueueConsumer.receiveMessage"
                }, 
                {
                    "series": "com.cisco.ccrc.b2b.message.QuoteOrderQueueProducer.sendMessage", 
                    "title": "message.QuoteOrderQueueProducer.sendMessage"
                }, 
                {
                    "series": "com.cisco.ccrc.b2b.quote.order.PIP3A4RequestTransformerImpl.buildResponse", 
                    "title": "quote.order.PIP3A4RequestTransformerImpl.buildResponse"
                }, 
                {
                    "series": "com.cisco.ccrc.b2b.quote.order.PIP3A4RequestTransformerImpl.transformXmlToJson", 
                    "title": "quote.order.PIP3A4RequestTransformerImpl.transformXmlToJson"
                }
            ], 
            "row-title": "Additional Metrics"
        }
    ]
}