{
    "dashboard_name": "cm", 
    "metrics": [
        {
            "panels": [], 
            "row-title": "Inbound REST API Call Metrics"
        }, 
        {
            "panels": [], 
            "row-title": "Outbound REST API Call Metrics"
        }, 
        {
            "panels": [
                {
                    "series": "com.cisco.ccrc.cm.service.controller.DnrTransactionController.performDnr", 
                    "title": "service.controller.DnrTransactionController.performDnr"
                }, 
                {
                    "series": "com.cisco.ccrc.cm.service.controller.InstanceHistoryController.instanceRead", 
                    "title": "service.controller.InstanceHistoryController.instanceRead"
                }, 
                {
                    "series": "com.cisco.ccrc.cm.service.controller.MoveTransactionController.performMove", 
                    "title": "service.controller.MoveTransactionController.performMove"
                }, 
                {
                    "series": "com.cisco.ccrc.cm.service.dao.XxcssCcrcCmTrxPkg.dnrUpdate", 
                    "title": "service.dao.XxcssCcrcCmTrxPkg.dnrUpdate"
                }, 
                {
                    "series": "com.cisco.ccrc.cm.service.dao.XxcssCcrcCmTrxPkg.dnrUpdate.massmatcall", 
                    "title": "service.dao.XxcssCcrcCmTrxPkg.dnrUpdate.massmatcall"
                }, 
                {
                    "series": "com.cisco.ccrc.cm.service.dao.XxcssCcrcCmTrxPkg.processMove", 
                    "title": "service.dao.XxcssCcrcCmTrxPkg.processMove"
                }, 
                {
                    "series": "com.cisco.ccrc.cm.service.dao.XxcssCcrcCmTrxPkg.processMove.massmatcall", 
                    "title": "service.dao.XxcssCcrcCmTrxPkg.processMove.massmatcall"
                }, 
                {
                    "series": "com.cisco.ccrc.cm.service.integration.TransactionManagerService.transactionManager", 
                    "title": "service.integration.TransactionManagerService.transactionManager"
                }, 
                {
                    "series": "com.cisco.ccrc.cm.service.mq.consumer.MoveTransactionQueueConsumer.onMessage", 
                    "title": "service.mq.consumer.MoveTransactionQueueConsumer.onMessage"
                }, 
                {
                    "series": "com.cisco.ccrc.cm.service.services.DnrService.performDnrUpdateTransaction", 
                    "title": "service.services.DnrService.performDnrUpdateTransaction"
                }, 
                {
                    "series": "com.cisco.ccrc.cm.service.services.InstanceHistService.getInstanceHistory", 
                    "title": "service.services.InstanceHistService.getInstanceHistory"
                }, 
                {
                    "series": "com.cisco.ccrc.cm.service.services.MoveService.performMoveTransaction", 
                    "title": "service.services.MoveService.performMoveTransaction"
                }, 
                {
                    "series": "com.cisco.ccrc.cm.service.services.MoveTransactionService.performTransaction", 
                    "title": "service.services.MoveTransactionService.performTransaction"
                }, 
                {
                    "series": "com.cisco.ccrc.cm.service.services.TransactionEntityCreateService.createTxnEntity", 
                    "title": "service.services.TransactionEntityCreateService.createTxnEntity"
                }, 
                {
                    "series": "com.cisco.ccrc.cm.service.services.feature.FeatureService.getFeatures", 
                    "title": "service.services.feature.FeatureService.getFeatures"
                }, 
                {
                    "series": "com.cisco.ccrc.cm.service.servicesimpl.IBSADataPushService.c2cPushDataPrep", 
                    "title": "service.servicesimpl.IBSADataPushService.c2cPushDataPrep"
                }, 
                {
                    "series": "com.cisco.ccrc.cm.service.servicesimpl.IBSADataPushService.invokePushService", 
                    "title": "service.servicesimpl.IBSADataPushService.invokePushService"
                }
            ], 
            "row-title": "Additional Metrics"
        }
    ]
}