{
    "dashboard_name": "configuration", 
    "metrics": [
        {
            "panels": [], 
            "row-title": "Inbound REST API Call Metrics"
        }, 
        {
            "panels": [], 
            "row-title": "Outbound REST API Call Metrics"
        }, 
        {
            "panels": [
                {
                    "series": "com.cisco.ccrc.configuration.feature.FeatureService.features", 
                    "title": "feature.FeatureService.features"
                }
            ], 
            "row-title": "Additional Metrics"
        }
    ]
}