{
    "dashboard_name": "copyQuote", 
    "metrics": [
        {
            "panels": [
                {
                    "series": "com.cisco.ccrc.copyQuote.CopyQuoteService.totalCopyQuote.timer.raw", 
                    "title": "CopyQuoteService.totalCopyQuote.timer.raw"
                }
            ], 
            "row-title": "Inbound REST API Call Metrics"
        }, 
        {
            "panels": [
                {
                    "series": "com.cisco.ccrc.copyQuote.CopyQuoteService.getLinesSingleBatch.timer.raw", 
                    "title": "CopyQuoteService.getLinesSingleBatch.timer.raw"
                }, 
                {
                    "series": "com.cisco.ccrc.copyQuote.CopyQuoteService.getNewlyAddedLines.timer.raw", 
                    "title": "CopyQuoteService.getNewlyAddedLines.timer.raw"
                }, 
                {
                    "series": "com.cisco.ccrc.copyQuote.CopyQuoteService.getQuoteHeader.timer.raw", 
                    "title": "CopyQuoteService.getQuoteHeader.timer.raw"
                }, 
                {
                    "series": "com.cisco.ccrc.copyQuote.CopyQuoteService.removeMinorLinesFromQuote.timer.raw", 
                    "title": "CopyQuoteService.removeMinorLinesFromQuote.timer.raw"
                }, 
                {
                    "series": "com.cisco.ccrc.copyQuote.CopyQuoteService.validateAccessToken.timer.raw", 
                    "title": "CopyQuoteService.validateAccessToken.timer.raw"
                }, 
                {
                    "series": "com.cisco.ccrc.copyQuote.authService.validateAccessToken.timer.raw", 
                    "title": "authService.validateAccessToken.timer.raw"
                }
            ], 
            "row-title": "Outbound REST API Call Metrics"
        }, 
        {
            "panels": [
                {
                    "series": "com.cisco.ccrc.copyQuote.CopyQuoteService.addAllQuoteLines.timer.raw", 
                    "title": "CopyQuoteService.addAllQuoteLines.timer.raw"
                }, 
                {
                    "series": "com.cisco.ccrc.copyQuote.CopyQuoteService.checkCurrentMinorLines.timer.raw", 
                    "title": "CopyQuoteService.checkCurrentMinorLines.timer.raw"
                }, 
                {
                    "series": "com.cisco.ccrc.copyQuote.CopyQuoteService.checkCurrentMinorLinesTotal.timer.raw", 
                    "title": "CopyQuoteService.checkCurrentMinorLinesTotal.timer.raw"
                }, 
                {
                    "series": "com.cisco.ccrc.copyQuote.CopyQuoteService.createQuote.timer.raw", 
                    "title": "CopyQuoteService.createQuote.timer.raw"
                }, 
                {
                    "series": "com.cisco.ccrc.copyQuote.CopyQuoteService.prepareAddLinesInput.timer.raw", 
                    "title": "CopyQuoteService.prepareAddLinesInput.timer.raw"
                }, 
                {
                    "series": "com.cisco.ccrc.copyQuote.CopyQuoteService.setBuyMethodDistribution.timer.raw", 
                    "title": "CopyQuoteService.setBuyMethodDistribution.timer.raw"
                }, 
                {
                    "series": "com.cisco.ccrc.copyQuote.CopyQuoteService.singleBatchAddLines.timer.raw", 
                    "title": "CopyQuoteService.singleBatchAddLines.timer.raw"
                }, 
                {
                    "series": "com.cisco.ccrc.copyQuote.CopyQuoteService.totalAddBatchToQuote.timer.raw", 
                    "title": "CopyQuoteService.totalAddBatchToQuote.timer.raw"
                }
            ], 
            "row-title": "Additional Metrics"
        }
    ]
}