{
    "dashboard_name": "cpam", 
    "metrics": [
        {
            "panels": [
                {
                    "series": "com.cisco.ccrc.cpam.controller.CreateContactController.create", 
                    "title": "controller.CreateContactController.create"
                }, 
                {
                    "series": "com.cisco.ccrc.cpam.controller.CreateSiteController.createInstallSite", 
                    "title": "controller.CreateSiteController.createInstallSite"
                }, 
                {
                    "series": "com.cisco.ccrc.cpam.elastic.ElasticService.createAddress", 
                    "title": "elastic.ElasticService.createAddress"
                }, 
                {
                    "series": "com.cisco.ccrc.cpam.elastic.ElasticService.createContact", 
                    "title": "elastic.ElasticService.createContact"
                }, 
                {
                    "series": "com.cisco.ccrc.cpam.elastic.ElasticService.getLocationInfo", 
                    "title": "elastic.ElasticService.getLocationInfo"
                }, 
                {
                    "series": "com.cisco.ccrc.cpam.elastic.ErrorCache.getErrorMapFromElastic", 
                    "title": "elastic.ErrorCache.getErrorMapFromElastic"
                }, 
                {
                    "series": "com.cisco.ccrc.cpam.elastic.ErrorCache.readCPAMErrorMap", 
                    "title": "elastic.ErrorCache.readCPAMErrorMap"
                }, 
                {
                    "series": "com.cisco.ccrc.cpam.elastic.LocalizationService.getLocalizedErrorMessages", 
                    "title": "elastic.LocalizationService.getLocalizedErrorMessages"
                }
            ], 
            "row-title": "Inbound REST API Call Metrics"
        }, 
        {
            "panels": [
                {
                    "series": "com.cisco.ccrc.cpam.contact.CPAMClient.invokeService", 
                    "title": "contact.CPAMClient.invokeService"
                }
            ], 
            "row-title": "Outbound REST API Call Metrics"
        }, 
        {
            "panels": [], 
            "row-title": "Additional Metrics"
        }
    ]
}