{
    "dashboard_name": "deal", 
    "metrics": [
        {
            "panels": [
                {
                    "series": "com.cisco.ccrc.deal.events.DealEventResponseUpdateComponent.updateDeal", 
                    "title": "events.DealEventResponseUpdateComponent.updateDeal"
                }
            ], 
            "row-title": "Inbound REST API Call Metrics"
        }, 
        {
            "panels": [
                {
                    "series": "com.cisco.ccrc.deal.elastic.ElasticClient.getCcoId", 
                    "title": "elastic.ElasticClient.getCcoId"
                }, 
                {
                    "series": "com.cisco.ccrc.deal.elastic.ElasticClient.getPartyName", 
                    "title": "elastic.ElasticClient.getPartyName"
                }, 
                {
                    "series": "com.cisco.ccrc.deal.elastic.ElasticClient.getSKUDesc", 
                    "title": "elastic.ElasticClient.getSKUDesc"
                }, 
                {
                    "series": "com.cisco.ccrc.deal.elastic.ElasticClient.updateQuoteManager", 
                    "title": "elastic.ElasticClient.updateQuoteManager"
                }, 
                {
                    "series": "com.cisco.ccrc.deal.process.rest.adapter.DealClient.createDeal", 
                    "title": "process.rest.adapter.DealClient.createDeal"
                }, 
                {
                    "series": "com.cisco.ccrc.deal.validation.ValidationAPI.invokeDealPricingValidation", 
                    "title": "validation.ValidationAPI.invokeDealPricingValidation"
                }
            ], 
            "row-title": "Outbound REST API Call Metrics"
        }, 
        {
            "panels": [
                {
                    "series": "com.cisco.ccrc.deal.elastic.ElasticClientComponent.populateResellerBillToAddress", 
                    "title": "elastic.ElasticClientComponent.populateResellerBillToAddress"
                }, 
                {
                    "series": "com.cisco.ccrc.deal.elastic.UserPreferencesService.userPreferences", 
                    "title": "elastic.UserPreferencesService.userPreferences"
                }, 
                {
                    "series": "com.cisco.ccrc.deal.events.DealCreationFailureComponent.processFailureResponse", 
                    "title": "events.DealCreationFailureComponent.processFailureResponse"
                }, 
                {
                    "series": "com.cisco.ccrc.deal.events.DealEventQueueConsumer.onMessage", 
                    "title": "events.DealEventQueueConsumer.onMessage"
                }, 
                {
                    "series": "com.cisco.ccrc.deal.events.DealEventQueueProducer.enqueueMessage", 
                    "title": "events.DealEventQueueProducer.enqueueMessage"
                }, 
                {
                    "series": "com.cisco.ccrc.deal.events.DealEventResponseUpdateComponent.invokeDealPricingValidation", 
                    "title": "events.DealEventResponseUpdateComponent.invokeDealPricingValidation"
                }, 
                {
                    "series": "com.cisco.ccrc.deal.notification.DealEmailNotification.sendEmailNotification", 
                    "title": "notification.DealEmailNotification.sendEmailNotification"
                }, 
                {
                    "series": "com.cisco.ccrc.deal.process.DealLinesSummarizationComponent.processLines", 
                    "title": "process.DealLinesSummarizationComponent.processLines"
                }, 
                {
                    "series": "com.cisco.ccrc.deal.process.DealProcessingQueueConsumer.onMessage", 
                    "title": "process.DealProcessingQueueConsumer.onMessage"
                }, 
                {
                    "series": "com.cisco.ccrc.deal.process.DealProcessingQueueProducer.enqueueMessage", 
                    "title": "process.DealProcessingQueueProducer.enqueueMessage"
                }, 
                {
                    "series": "com.cisco.ccrc.deal.process.rest.adapter.DealRequestValidator.validateDealRequest", 
                    "title": "process.rest.adapter.DealRequestValidator.validateDealRequest"
                }, 
                {
                    "series": "com.cisco.ccrc.deal.process.rest.adapter.DealServiceImpl.createServiceDeal", 
                    "title": "process.rest.adapter.DealServiceImpl.createServiceDeal"
                }, 
                {
                    "series": "com.cisco.ccrc.deal.process.rest.adapter.DealServiceImpl.updateDeal", 
                    "title": "process.rest.adapter.DealServiceImpl.updateDeal"
                }, 
                {
                    "series": "com.cisco.ccrc.deal.request.DealComponent.populateDealDTO", 
                    "title": "request.DealComponent.populateDealDTO"
                }, 
                {
                    "series": "com.cisco.ccrc.deal.request.DealComponent.updateDealHeader", 
                    "title": "request.DealComponent.updateDealHeader"
                }, 
                {
                    "series": "com.cisco.ccrc.deal.request.DealComponent.updateQuoteHeader", 
                    "title": "request.DealComponent.updateQuoteHeader"
                }, 
                {
                    "series": "com.cisco.ccrc.deal.request.DealRequestComponent.prepareDealRequest", 
                    "title": "request.DealRequestComponent.prepareDealRequest"
                }, 
                {
                    "series": "com.cisco.ccrc.deal.request.DealRequestPostProcessingComponent.processDealCreateServiceResponse", 
                    "title": "request.DealRequestPostProcessingComponent.processDealCreateServiceResponse"
                }, 
                {
                    "series": "com.cisco.ccrc.deal.request.DealRequestQueueConsumer.onMessage", 
                    "title": "request.DealRequestQueueConsumer.onMessage"
                }, 
                {
                    "series": "com.cisco.ccrc.deal.request.DealRequestQueueConsumerComponent.processDealCreationRequest", 
                    "title": "request.DealRequestQueueConsumerComponent.processDealCreationRequest"
                }
            ], 
            "row-title": "Additional Metrics"
        }
    ]
}