{
    "dashboard_name": "downloadservice", 
    "metrics": [
        {
            "panels": [], 
            "row-title": "Inbound REST API Call Metrics"
        }, 
        {
            "panels": [], 
            "row-title": "Outbound REST API Call Metrics"
        }, 
        {
            "panels": [
                {
                    "series": "com.cisco.ccrc.downloadservice.service.esCCRCService.getAddressDeatils.timer.raw", 
                    "title": "service.esCCRCService.getAddressDeatils.timer.raw"
                }, 
                {
                    "series": "com.cisco.ccrc.downloadservice.service.esService.getAddressGuByLoc.timer.raw", 
                    "title": "service.esService.getAddressGuByLoc.timer.raw"
                }, 
                {
                    "series": "com.cisco.ccrc.downloadservice.service.esService.getUserPreference.timer.raw", 
                    "title": "service.esService.getUserPreference.timer.raw"
                }, 
                {
                    "series": "com.cisco.ccrc.downloadservice.service.esServices.getGuDeatils.timer.raw", 
                    "title": "service.esServices.getGuDeatils.timer.raw"
                }, 
                {
                    "series": "com.cisco.ccrc.downloadservice.service.oauthService.getLoginPage.timer.raw", 
                    "title": "service.oauthService.getLoginPage.timer.raw"
                }, 
                {
                    "series": "com.cisco.ccrc.downloadservice.service.oauthService.getLoginWithCode.timer.raw", 
                    "title": "service.oauthService.getLoginWithCode.timer.raw"
                }, 
                {
                    "series": "com.cisco.ccrc.downloadservice.service.oauthService.validateAccessToken.timer.raw", 
                    "title": "service.oauthService.validateAccessToken.timer.raw"
                }, 
                {
                    "series": "com.cisco.ccrc.downloadservice.service.quoteheaderlines.quoteHeaderdata.timer.raw", 
                    "title": "service.quoteheaderlines.quoteHeaderdata.timer.raw"
                }, 
                {
                    "series": "com.cisco.ccrc.downloadservice.service.quoteheaderlines.quoteInvoice.timer.raw", 
                    "title": "service.quoteheaderlines.quoteInvoice.timer.raw"
                }, 
                {
                    "series": "com.cisco.ccrc.downloadservice.service.quoteheaderlines.quoteheaderdata.timer.raw", 
                    "title": "service.quoteheaderlines.quoteheaderdata.timer.raw"
                }, 
                {
                    "series": "com.cisco.ccrc.downloadservice.service.quoteheaderlines.quotelines.timer.raw", 
                    "title": "service.quoteheaderlines.quotelines.timer.raw"
                }, 
                {
                    "series": "com.cisco.ccrc.downloadservice.service.slpContractSelectAllService.queryService.timer.raw", 
                    "title": "service.slpContractSelectAllService.queryService.timer.raw"
                }, 
                {
                    "series": "com.cisco.ccrc.downloadservice.service.slpContractService.slpContractLines.timer.raw", 
                    "title": "service.slpContractService.slpContractLines.timer.raw"
                }
            ], 
            "row-title": "Additional Metrics"
        }
    ]
}