{
    "dashboard_name": "edw", 
    "metrics": [
        {
            "panels": [], 
            "row-title": "Inbound REST API Call Metrics"
        }, 
        {
            "panels": [
                {
                    "series": "com.cisco.ccrc.edw.consumer.HeaderMessageBuilder.buildQuoteDeleteMessage", 
                    "title": "consumer.HeaderMessageBuilder.buildQuoteDeleteMessage"
                }, 
                {
                    "series": "com.cisco.ccrc.edw.consumer.HeaderMessageBuilder.transformToEDWHeader", 
                    "title": "consumer.HeaderMessageBuilder.transformToEDWHeader"
                }, 
                {
                    "series": "com.cisco.ccrc.edw.consumer.LineConsumerParser.processRecord", 
                    "title": "consumer.LineConsumerParser.processRecord"
                }
            ], 
            "row-title": "Outbound REST API Call Metrics"
        }, 
        {
            "panels": [
                {
                    "series": "com.cisco.ccrc.edw.controller.PingController.ping", 
                    "title": "controller.PingController.ping"
                }
            ], 
            "row-title": "Additional Metrics"
        }
    ]
}