{
    "dashboard_name": "esservices", 
    "metrics": [
        {
            "panels": [
                {
                    "series": "com.cisco.ccrc.esservices.components.IBDataServiceHelperBeta.getContractsChartsAggregationData", 
                    "title": "components.IBDataServiceHelperBeta.getContractsChartsAggregationData"
                }, 
                {
                    "series": "com.cisco.ccrc.esservices.components.IBDataServiceHelperBeta.getContractsSummary", 
                    "title": "components.IBDataServiceHelperBeta.getContractsSummary"
                }, 
                {
                    "series": "com.cisco.ccrc.esservices.components.IBDataServiceHelperBeta.getDefaultIbsaContractLines", 
                    "title": "components.IBDataServiceHelperBeta.getDefaultIbsaContractLines"
                }, 
                {
                    "series": "com.cisco.ccrc.esservices.components.IBDataServiceHelperBeta.getIbContractLines", 
                    "title": "components.IBDataServiceHelperBeta.getIbContractLines"
                }, 
                {
                    "series": "com.cisco.ccrc.esservices.components.IBDataServiceHelperBeta.getIbDownloadContractLines", 
                    "title": "components.IBDataServiceHelperBeta.getIbDownloadContractLines"
                }, 
                {
                    "series": "com.cisco.ccrc.esservices.components.IBDataServiceHelperBeta.getIbsaContractLinesWithCustData", 
                    "title": "components.IBDataServiceHelperBeta.getIbsaContractLinesWithCustData"
                }, 
                {
                    "series": "com.cisco.ccrc.esservices.components.IBDataServiceHelperBeta.getIbsaDataWithContractBillToId", 
                    "title": "components.IBDataServiceHelperBeta.getIbsaDataWithContractBillToId"
                }, 
                {
                    "series": "com.cisco.ccrc.esservices.controller.AddressDataController.accountNumberSearch", 
                    "title": "controller.AddressDataController.accountNumberSearch"
                }, 
                {
                    "series": "com.cisco.ccrc.esservices.controller.AddressDataController.billToAddressIdSearch", 
                    "title": "controller.AddressDataController.billToAddressIdSearch"
                }, 
                {
                    "series": "com.cisco.ccrc.esservices.controller.AddressDataController.billToAddressSearch", 
                    "title": "controller.AddressDataController.billToAddressSearch"
                }, 
                {
                    "series": "com.cisco.ccrc.esservices.controller.AddressDataController.contactsSearch", 
                    "title": "controller.AddressDataController.contactsSearch"
                }, 
                {
                    "series": "com.cisco.ccrc.esservices.controller.AddressDataController.getAddressByLocation", 
                    "title": "controller.AddressDataController.getAddressByLocation"
                }, 
                {
                    "series": "com.cisco.ccrc.esservices.controller.AddressDataController.shipToAddressSearch", 
                    "title": "controller.AddressDataController.shipToAddressSearch"
                }, 
                {
                    "series": "com.cisco.ccrc.esservices.controller.ContracMoveController.contractMove", 
                    "title": "controller.ContracMoveController.contractMove"
                }, 
                {
                    "series": "com.cisco.ccrc.esservices.controller.ContractDataControllerBeta.contractBusinessProcess", 
                    "title": "controller.ContractDataControllerBeta.contractBusinessProcess"
                }, 
                {
                    "series": "com.cisco.ccrc.esservices.controller.ContractDataControllerBeta.contractNumberAutoSearch", 
                    "title": "controller.ContractDataControllerBeta.contractNumberAutoSearch"
                }, 
                {
                    "series": "com.cisco.ccrc.esservices.controller.ContractDataControllerBeta.updateContractsData", 
                    "title": "controller.ContractDataControllerBeta.updateContractsData"
                }, 
                {
                    "series": "com.cisco.ccrc.esservices.controller.ContractProductInfoController.getAdditionalProductData", 
                    "title": "controller.ContractProductInfoController.getAdditionalProductData"
                }, 
                {
                    "series": "com.cisco.ccrc.esservices.controller.ContractSearchFilterController.getFilteredHistoryData", 
                    "title": "controller.ContractSearchFilterController.getFilteredHistoryData"
                }, 
                {
                    "series": "com.cisco.ccrc.esservices.controller.ContractServiceLevelController.contractServiceLevelDataSearch", 
                    "title": "controller.ContractServiceLevelController.contractServiceLevelDataSearch"
                }, 
                {
                    "series": "com.cisco.ccrc.esservices.controller.ContractsItemTypeController.contractInstalSitesDataSearch", 
                    "title": "controller.ContractsItemTypeController.contractInstalSitesDataSearch"
                }, 
                {
                    "series": "com.cisco.ccrc.esservices.controller.ContractsSitesController.contractEndCustomerView", 
                    "title": "controller.ContractsSitesController.contractEndCustomerView"
                }, 
                {
                    "series": "com.cisco.ccrc.esservices.controller.DistiProfileController.getDefaultDistInfo", 
                    "title": "controller.DistiProfileController.getDefaultDistInfo"
                }, 
                {
                    "series": "com.cisco.ccrc.esservices.controller.DistiProfileController.getDistiDetails", 
                    "title": "controller.DistiProfileController.getDistiDetails"
                }, 
                {
                    "series": "com.cisco.ccrc.esservices.controller.DistiProfileController.getDistiPgtmvDetails", 
                    "title": "controller.DistiProfileController.getDistiPgtmvDetails"
                }, 
                {
                    "series": "com.cisco.ccrc.esservices.controller.FollowOnSearchController.followOnSearch", 
                    "title": "controller.FollowOnSearchController.followOnSearch"
                }, 
                {
                    "series": "com.cisco.ccrc.esservices.controller.IBSAReplacedLinesController.getReplacedLinesData", 
                    "title": "controller.IBSAReplacedLinesController.getReplacedLinesData"
                }, 
                {
                    "series": "com.cisco.ccrc.esservices.controller.IBSASearchController.downloadContractsLines", 
                    "title": "controller.IBSASearchController.downloadContractsLines"
                }, 
                {
                    "series": "com.cisco.ccrc.esservices.controller.IBSASearchController.getContractHistoryData", 
                    "title": "controller.IBSASearchController.getContractHistoryData"
                }, 
                {
                    "series": "com.cisco.ccrc.esservices.controller.IBSASearchController.getContractLinesAggregations", 
                    "title": "controller.IBSASearchController.getContractLinesAggregations"
                }, 
                {
                    "series": "com.cisco.ccrc.esservices.controller.IBSASearchController.getContractLinesData", 
                    "title": "controller.IBSASearchController.getContractLinesData"
                }, 
                {
                    "series": "com.cisco.ccrc.esservices.controller.IBSASearchController.getContractsChartData", 
                    "title": "controller.IBSASearchController.getContractsChartData"
                }, 
                {
                    "series": "com.cisco.ccrc.esservices.controller.IBSASearchController.getContractsSummary", 
                    "title": "controller.IBSASearchController.getContractsSummary"
                }, 
                {
                    "series": "com.cisco.ccrc.esservices.controller.LineHistoryController.instanceRead", 
                    "title": "controller.LineHistoryController.instanceRead"
                }, 
                {
                    "series": "com.cisco.ccrc.esservices.controller.LineHistoryController.instanceReadForMinors", 
                    "title": "controller.LineHistoryController.instanceReadForMinors"
                }, 
                {
                    "series": "com.cisco.ccrc.esservices.controller.LocalizationDataController.getLocalizationData", 
                    "title": "controller.LocalizationDataController.getLocalizationData"
                }, 
                {
                    "series": "com.cisco.ccrc.esservices.controller.QuoteLinesController.checkQuoteExistsInES", 
                    "title": "controller.QuoteLinesController.checkQuoteExistsInES"
                }, 
                {
                    "series": "com.cisco.ccrc.esservices.controller.QuoteLinesController.getAggregations", 
                    "title": "controller.QuoteLinesController.getAggregations"
                }, 
                {
                    "series": "com.cisco.ccrc.esservices.controller.QuoteLinesController.quoteLinesQuery", 
                    "title": "controller.QuoteLinesController.quoteLinesQuery"
                }, 
                {
                    "series": "com.cisco.ccrc.esservices.controller.QuoteManagerController.getQuoteManagerAggregations", 
                    "title": "controller.QuoteManagerController.getQuoteManagerAggregations"
                }, 
                {
                    "series": "com.cisco.ccrc.esservices.controller.QuoteManagerController.getQuoteManagerData", 
                    "title": "controller.QuoteManagerController.getQuoteManagerData"
                }, 
                {
                    "series": "com.cisco.ccrc.esservices.controller.QuoteManagerController.getQuoteSummary", 
                    "title": "controller.QuoteManagerController.getQuoteSummary"
                }, 
                {
                    "series": "com.cisco.ccrc.esservices.controller.SelectAllController.getQuoteLinesIds", 
                    "title": "controller.SelectAllController.getQuoteLinesIds"
                }, 
                {
                    "series": "com.cisco.ccrc.esservices.controller.SelectAllController.getSelectAllLines", 
                    "title": "controller.SelectAllController.getSelectAllLines"
                }, 
                {
                    "series": "com.cisco.ccrc.esservices.controller.SelectAllController.quoteLinesAggregation", 
                    "title": "controller.SelectAllController.quoteLinesAggregation"
                }, 
                {
                    "series": "com.cisco.ccrc.esservices.controller.TransactionManagerController.getTransactionsData", 
                    "title": "controller.TransactionManagerController.getTransactionsData"
                }, 
                {
                    "series": "com.cisco.ccrc.esservices.controller.TransactionManagerController.insertTransactionsData", 
                    "title": "controller.TransactionManagerController.insertTransactionsData"
                }, 
                {
                    "series": "com.cisco.ccrc.esservices.controller.UserFeaturesWithRolesController.getFeaturesData", 
                    "title": "controller.UserFeaturesWithRolesController.getFeaturesData"
                }, 
                {
                    "series": "com.cisco.ccrc.esservices.controller.UserProfileController.getShareUserList", 
                    "title": "controller.UserProfileController.getShareUserList"
                }, 
                {
                    "series": "com.cisco.ccrc.esservices.controller.UserProfileController.getUserProfile", 
                    "title": "controller.UserProfileController.getUserProfile"
                }
            ], 
            "row-title": "Inbound REST API Call Metrics"
        }, 
        {
            "panels": [], 
            "row-title": "Outbound REST API Call Metrics"
        }, 
        {
            "panels": [], 
            "row-title": "Additional Metrics"
        }
    ]
}