{
    "dashboard_name": "CCRC External Systems View",
    "metrics" : [
        {
            "row-title" : "OAuth Module",
            "panels" : [
                {
                    "series": "com.cisco.ccrc.oauth.service.utils.ManageTokenServiceImpl.retrieveAuthEntityFromCloudsso",
                    "title": "retrieveAuthEntityFromCloudsso"
                },
                {
                    "series": "com.cisco.ccrc.oauthservice.controller.LoginController.getRefreshAccessToken",
                    "title": "OAuth Refresh Access Token"
                },
                {
                    "series": "com.cisco.ccw.web.json.MenuBarTag.getBodyHTMLFromJar",
                    "title": "getBodyHTMLFromJar"
                }
            ]
        },
        {
            "row-title" : "Quoting Module",
            "panels" : [
                {
                    "series": "com.cisco.ccrc.quote.ngc.multiple.serviceattachcreationservicetime",
                    "title": "NGC Attach"
                },
                {
                    "series": "com.cisco.ccrc.quote.ngc.servicelovservicetime",
                    "title": "NGC LOV service"
                },
                {
                    "series": "com.cisco.ccrc.service.controller.NGCPunchOutController.readNGCPunchOutResponse",
                    "title": "NGC Punchout Response"
                },
                {
                    "series": "com.cisco.ccrc.quote.listprice.listpriceservicecreationtime",
                    "title": "List Price"
                },
                {
                    "series": "com.cisco.ccrc.smartaccount.web.SmartAccountController.create",
                    "title": "Create Smart Account"
                },
                {
                    "series": "com.cisco.ccrc.smartaccount.web.SmartAccountController.read",
                    "title": "Read Smart Account"
                },
                {
                    "series": "com.cisco.ccrc.smartaccount.client.SmartAccountClient.invokeService",
                    "title": "Smart Account"
                },
                {
                    "series": "com.cisco.ccrc.deal.process.rest.adapter.DealClient.createDeal",
                    "title": "Create Deal"
                },
                {
                    "series": "com.cisco.ccrc.cpam.contact.CPAMClient.invokeService",
                    "title": "CPAM Create Contact"
                },
                {
                    "series": "com.cisco.ccrc.cpam.controller.SiteController.createInstallSite",
                    "title": "CPAM Create Site"
                }
            ]
        },
        {
            "row-title" : "Validation Modules",
            "panels" : [
                {
                    "series": "com.cisco.ccrc.validation.service.client.NGCServiceClient.eligibiltyService",
                    "title": "NGC Eligibilty"
                },
                {
                    "series": "com.cisco.ccrc.validation.service.client.NGCServiceClient.validateService",
                    "title": "NGC Validate"
                },
                {
                    "series": "com.cisco.ccrc.validation.service.client.TaxClient.taxServiceCall",
                    "title": "Tax"
                },
                {
                    "series": "com.cisco.ccrc.validation.service.client.ScoreClient.invokeScore",
                    "title": "Score"
                },
                {
                    "series": "com.cisco.ccrc.validation.service.client.AccupriceClient.invokeAccuprice",
                    "title": "Accuprice"
                },
                {
                    "series": "com.cisco.ccrc.validation.dao.NewC3QuoteDAO.getDealData",
                    "title": "Deal MDM"
                },
                {
                    "series": "com.cisco.ccrc.validation.service.client.ListPriceServiceClient.getListPrice",
                    "title": "Validation List Price"
                }
            ]
        },
        {
            "row-title" : "Order and Conversion",
            "panels" : [
                {
                    "series": "com.cisco.ccrc.orderconv.restserviceimpl.ProcessSmartOrderImpl.submitSmartData",
                    "title": "Ordering Smart"
                },
                {
                    "series": "com.cisco.ccrc.orderconv.oo.OrderOrchestrationServiceImpl.invokeOO",
                    "title": "Order Orchestration"
                }
            ]
        },
        {
            "row-title" : "Contract Management",
            "panels" : [
                {
                    "series": "com.cisco.ccrc.cm.service.dao.XxcssCcrcCmTrxPkg.processMove.massmatcall",
                    "title": "Process Move Massmat call"
                },
                {
                    "series": "com.cisco.ccrc.cm.service.dao.XxcssCcrcCmTrxPkg.dnrUpdate.massmatcall",
                    "title": "DNR Massmat call"
                },
                {
                    "series": "com.cisco.ccrc.cm.service.dao.procedure.CarsTransactionProcedure.execute",
                    "title": "CARS API"
                }
            ]
        }
    ]
}
