{
    "dashboard_name": "loadtest", 
    "metrics": [
        {
            "panels": [
              {
                    "series": "com.cisco.ccrc.service.controller.QuoteController.create", 
                    "title": "Create Quote"
                }, 
                {
                    "series": "com.cisco.ccrc.quote.validation.ValidationAPILargeQuote.callValidationAPI", 
                    "title": "Quoting Validation API Call"
                },                
                {
                    "series": "com.cisco.ccrc.validation.rest.GenericValidationController.validate", 
                    "title": "Generic Validation Call"
                },
                {
                    "series": "com.cisco.ccrc.validation.local.NewTakeOverValidations.validate", 
                    "title": "Takeover Validation Call"
                },
                {
                    "series": "com.cisco.ccrc.service.elastic.AddressSearchService.addressSearch", 
                    "title": "Quoting Address Search"
                },
                {
                    "series": "com.cisco.ccrc.service.elastic.UserPreferencesService.userPreferences", 
                    "title": "Quoting User Preference Search"
                },
                {
                    "series": "com.cisco.ccrc.service.elastic.configDataForQuoteCreate.ibdataindex", 
                    "title": "Quoting IBSA Index Call"
                },
                {
                    "series": "com.cisco.ccrc.service.elastic.prepateDataForCreateQuote.productskuindex", 
                    "title": "Quoting Product SKU Index Call"
                },
                {
                    "series": "com.cisco.ccrc.validation.service.client.AddressClient.getAddress$", 
                    "title": "Validation Address Search"
                },
                {
                    "series": "com.cisco.ccrc.validation.service.client.UserDataClient.getUserDetails", 
                    "title": "Validation User Preference Search"
                },
                {
                    "series": "com.cisco.ccrc.validation.service.client.IBSAClient.getCoveredIBSAData", 
                    "title": "Validation IBSA Covered Line ID"
                },
                {
                    "series": "com.cisco.ccrc.validation.service.client.ProductClient.getProductDetails", 
                    "title": "Validation Product Search"
                },
                {
                    "series": "com.cisco.ccrc.validation.service.client.ContractClient.getContractSummaryData", 
                    "title": "Validation Contract Summary Search"
                },
                {
                    "series": "com.cisco.ccrc.validation.service.client.ServiceLevelClient.getServiceLevelData", 
                    "title": "Validation Service Level Search"
                },
                {
                    "series": "com.cisco.ccrc.service.controller.QuoteController.read$", 
                    "title": "Read Quote"
                },
                {
                    "series": "com.cisco.ccrc.service.component.LoadLineComponent.reloadQuote", 
                    "title": "Load Quote"
                },
                {
                    "series": "com.cisco.ccrc.quote.QuoteStatusComponentLargeQuote.isValidQuote", 
                    "title": "Valid Quotes"
                }
                ], 
            "row-title": "Inbound REST API Call Metrics"
        }, 
        {
            "panels": [
            	{
                    "series": "com.cisco.ccrc.oauth.service.utils.ManageTokenServiceImpl.retrieveAuthEntityFromCloudsso", 
                    "title": "OAuth Login Call"
                },
                {
                    "series": "com.cisco.ccrc.quote.listprice.listpriceservicecreationtime", 
                    "title": "Quoting List Price Service Call"
                }, 
                {
                    "series": "com.cisco.ccrc.validation.service.client.ListPriceServiceClient.getListPrice", 
                    "title": "Validation List Price Service Call"
                },
                {
                    "series": "com.cisco.ccrc.validation.service.client.AccupriceClient.invokeAccuprice", 
                    "title": "Accuprice Service"
                },
                {
                    "series": "com.cisco.ccrc.validation.dao.NewC3QuoteDAO.getDealData", 
                    "title": "Deal MDM"
                }, 
                {
                    "series": "com.cisco.ccrc.quote.ngc.multiple.serviceattachcreationservicetime", 
                    "title": "NGC Service Attach"
                },
                {
                    "series": "com.cisco.ccrc.validation.service.client.NGCServiceClient.eligibiltyService", 
                    "title": "NGC Eligibility Service"
                }, 
                {
                    "series": "com.cisco.ccrc.validation.service.client.NGCServiceClient.validateService", 
                    "title": "NGC Validate"
                },
                {
                    "series": "com.cisco.ccrc.validation.service.client.ScoreClient.invokeScore", 
                    "title": "Score Service"
                }, 
                {
                    "series": "com.cisco.ccrc.validation.service.client.TaxClient.taxServiceCall", 
                    "title": "Tax Service"
                }
                ], 
            "row-title": "Outbound REST API Call Metrics"
        }, 
        {
            "panels": [], 
            "row-title": "Additional Metrics"
        }
    ]
}