{
    "dashboard_name": "localizationservice", 
    "metrics": [
        {
            "panels": [
                {
                    "series": "com.cisco.ccrc.localizationservice.helper.eshelper.handleLocalizationRequest.timer.raw", 
                    "title": "helper.eshelper.handleLocalizationRequest.timer.raw"
                }
            ], 
            "row-title": "Inbound REST API Call Metrics"
        }, 
        {
            "panels": [], 
            "row-title": "Outbound REST API Call Metrics"
        }, 
        {
            "panels": [], 
            "row-title": "Additional Metrics"
        }
    ]
}