{
    "dashboard_name": "masserrorresolution", 
    "metrics": [
        {
            "panels": [
                {
                    "series": "com.cisco.ccrc.masserrorresolution.service.ErrorServiceImpl.processLdosErrorResolution", 
                    "title": "service.ErrorServiceImpl.processLdosErrorResolution"
                }
            ], 
            "row-title": "Inbound REST API Call Metrics"
        }, 
        {
            "panels": [
                {
                    "series": "com.cisco.ccrc.masserrorresolution.component.LdosErrorResolveComponent.deleteLines", 
                    "title": "component.LdosErrorResolveComponent.deleteLines"
                }, 
                {
                    "series": "com.cisco.ccrc.masserrorresolution.component.LdosErrorResolveComponent.getErrorLines", 
                    "title": "component.LdosErrorResolveComponent.getErrorLines"
                }, 
                {
                    "series": "com.cisco.ccrc.masserrorresolution.component.LdosErrorResolveComponent.prepareQuoteLineRequestBatch", 
                    "title": "component.LdosErrorResolveComponent.prepareQuoteLineRequestBatch"
                }, 
                {
                    "series": "com.cisco.ccrc.masserrorresolution.controller.ErrorResolutionController.processLdosErrors", 
                    "title": "controller.ErrorResolutionController.processLdosErrors"
                }
            ], 
            "row-title": "Outbound REST API Call Metrics"
        }, 
        {
            "panels": [], 
            "row-title": "Additional Metrics"
        }
    ]
}