{
    "dashboard_name": "notifications", 
    "metrics": [
        {
            "panels": [], 
            "row-title": "Inbound REST API Call Metrics"
        }, 
        {
            "panels": [], 
            "row-title": "Outbound REST API Call Metrics"
        }, 
        {
            "panels": [
                {
                    "series": "com.cisco.ccrc.notifications.consumers.NotificationConsumer.onMessage", 
                    "title": "consumers.NotificationConsumer.onMessage"
                }
            ], 
            "row-title": "Additional Metrics"
        }
    ]
}