{
    "dashboard_name": "oauth", 
    "metrics": [
        {
            "panels": [
                {
                    "series": "com.cisco.ccrc.oauthservice.controller.LoginController.authenticate", 
                    "title": "ervice.controller.LoginController.authenticate"
                }, 
                {
                    "series": "com.cisco.ccrc.oauthservice.controller.LoginController.refresh", 
                    "title": "ervice.controller.LoginController.refresh"
                }, 
                {
                    "series": "com.cisco.ccrc.oauthservice.controller.LoginController.updatePreferences", 
                    "title": "ervice.controller.LoginController.updatePreferences"
                }, 
                {
                    "series": "com.cisco.ccrc.oauthservice.controller.LoginController.validate", 
                    "title": "ervice.controller.LoginController.validate"
                }
            ], 
            "row-title": "Inbound REST API Call Metrics"
        }, 
        {
            "panels": [
                {
                    "series": "com.cisco.ccrc.oauth.service.utils.ManageTokenServiceImpl.retrieveAuthEntityFromCloudsso", 
                    "title": "service.utils.ManageTokenServiceImpl.retrieveAuthEntityFromCloudsso"
                }, 
                {
                    "series": "com.cisco.ccrc.oauthservice.controller.LoginController.getExchangeGrantCode", 
                    "title": "ervice.controller.LoginController.getExchangeGrantCode"
                }, 
                {
                    "series": "com.cisco.ccrc.oauthservice.controller.LoginController.getRefreshAccessToken", 
                    "title": "ervice.controller.LoginController.getRefreshAccessToken"
                }, 
                {
                    "series": "com.cisco.ccrc.oauthservice.services.UserPreferenceServiceImpl.callUserRoleFeatures", 
                    "title": "ervice.services.UserPreferenceServiceImpl.callUserRoleFeatures"
                }
            ], 
            "row-title": "Outbound REST API Call Metrics"
        }, 
        {
            "panels": [
                {
                    "series": "com.cisco.ccrc.oauthservice.controller.LoginController.CALL_FAILED_0_TIMES", 
                    "title": "ervice.controller.LoginController.CALL_FAILED_0_TIMES"
                }, 
                {
                    "series": "com.cisco.ccrc.oauthservice.controller.LoginController.CALL_FAILED_1_TIMES", 
                    "title": "ervice.controller.LoginController.CALL_FAILED_1_TIMES"
                }, 
                {
                    "series": "com.cisco.ccrc.oauthservice.controller.LoginController.INVALID_GRANT", 
                    "title": "ervice.controller.LoginController.INVALID_GRANT"
                }, 
                {
                    "series": "com.cisco.ccrc.oauthservice.controller.LoginController.INVALID_REFRESH_TOKEN", 
                    "title": "ervice.controller.LoginController.INVALID_REFRESH_TOKEN"
                }, 
                {
                    "series": "com.cisco.ccrc.oauthservice.controller.LoginController.getExchangeGrantCode_EXCEPTION_TIMING", 
                    "title": "ervice.controller.LoginController.getExchangeGrantCode_EXCEPTION_TIMING"
                }, 
                {
                    "series": "com.cisco.ccrc.oauthservice.controller.LoginController.getRefreshAccessToken_EXCEPTION_TIMING", 
                    "title": "ervice.controller.LoginController.getRefreshAccessToken_EXCEPTION_TIMING"
                }, 
                {
                    "series": "com.cisco.ccrc.oauthservice.services.UserPreferenceServiceImpl.callUserPreferences", 
                    "title": "ervice.services.UserPreferenceServiceImpl.callUserPreferences"
                }, 
                {
                    "series": "com.cisco.ccrc.oauthservice.services.UserPreferenceServiceImpl.callUserPreferences_EXCEPTION_TIMING", 
                    "title": "ervice.services.UserPreferenceServiceImpl.callUserPreferences_EXCEPTION_TIMING"
                }
            ], 
            "row-title": "Additional Metrics"
        }
    ]
}