{
    "dashboard_name": "orderconv", 
    "metrics": [
        {
            "panels": [
                {
                    "series": "com.cisco.ccrc.orderconv.rest.ProceedToOrderController.submitOrderRequest", 
                    "title": "rest.ProceedToOrderController.submitOrderRequest"
                }, 
                {
                    "series": "com.cisco.ccrc.orderconv.rest.SampleInvoiceController.generateSampleInvoice", 
                    "title": "rest.SampleInvoiceController.generateSampleInvoice"
                }
            ], 
            "row-title": "Inbound REST API Call Metrics"
        }, 
        {
            "panels": [
                {
                    "series": "com.cisco.ccrc.orderconv.client.ElasticServiceClient.getAddessDetailsFromCCRCServices", 
                    "title": "client.ElasticServiceClient.getAddessDetailsFromCCRCServices"
                }, 
                {
                    "series": "com.cisco.ccrc.orderconv.feature.FeatureListener.invokeService", 
                    "title": "feature.FeatureListener.invokeService"
                }, 
                {
                    "series": "com.cisco.ccrc.orderconv.oo.OrderOrchestrationServiceImpl.invokeOO", 
                    "title": "oo.OrderOrchestrationServiceImpl.invokeOO"
                }, 
                {
                    "series": "com.cisco.ccrc.orderconv.persistence.QuoteReadHelper.getQuoteConfigurationMajor", 
                    "title": "persistence.QuoteReadHelper.getQuoteConfigurationMajor"
                }, 
                {
                    "series": "com.cisco.ccrc.orderconv.persistence.QuoteReadHelper.getQuoteConfigurationMinor", 
                    "title": "persistence.QuoteReadHelper.getQuoteConfigurationMinor"
                }, 
                {
                    "series": "com.cisco.ccrc.orderconv.persistence.QuoteReadHelper.getQuoteHeader", 
                    "title": "persistence.QuoteReadHelper.getQuoteHeader"
                }, 
                {
                    "series": "com.cisco.ccrc.orderconv.persistence.QuoteReadHelper.getQuoteMajorLines", 
                    "title": "persistence.QuoteReadHelper.getQuoteMajorLines"
                }, 
                {
                    "series": "com.cisco.ccrc.orderconv.persistence.QuoteReadHelper.getQuoteMinorLines", 
                    "title": "persistence.QuoteReadHelper.getQuoteMinorLines"
                }, 
                {
                    "series": "com.cisco.ccrc.orderconv.restserviceimpl.ProcessSmartOrderImpl.submitSmartData", 
                    "title": "restserviceimpl.ProcessSmartOrderImpl.submitSmartData"
                }
            ], 
            "row-title": "Outbound REST API Call Metrics"
        }, 
        {
            "panels": [
                {
                    "series": "com.cisco.ccrc.orderconv.client.ElasticServiceClient.getAddressDetails", 
                    "title": "client.ElasticServiceClient.getAddressDetails"
                }, 
                {
                    "series": "com.cisco.ccrc.orderconv.convservice.CERussiaOrders.processCERussiaOrders", 
                    "title": "convservice.CERussiaOrders.processCERussiaOrders"
                }, 
                {
                    "series": "com.cisco.ccrc.orderconv.convservice.ConversionFailureReprocessHelper.deriveQ2oLineListMajorMinors", 
                    "title": "convservice.ConversionFailureReprocessHelper.deriveQ2oLineListMajorMinors"
                }, 
                {
                    "series": "com.cisco.ccrc.orderconv.convservice.ConversionFailureReprocessHelper.processConversionFailedLineSendNotification", 
                    "title": "convservice.ConversionFailureReprocessHelper.processConversionFailedLineSendNotification"
                }, 
                {
                    "series": "com.cisco.ccrc.orderconv.oo.OrderOrchestrationHeaderPrep.prepareHeader", 
                    "title": "oo.OrderOrchestrationHeaderPrep.prepareHeader"
                }, 
                {
                    "series": "com.cisco.ccrc.orderconv.oo.OrderOrchestrationHeaderPrep.prepareHeaderAddress", 
                    "title": "oo.OrderOrchestrationHeaderPrep.prepareHeaderAddress"
                }, 
                {
                    "series": "com.cisco.ccrc.orderconv.oo.OrderOrchestrationHeaderPrep.prepareHeaderContact", 
                    "title": "oo.OrderOrchestrationHeaderPrep.prepareHeaderContact"
                }, 
                {
                    "series": "com.cisco.ccrc.orderconv.oo.OrderOrchestrationLineDetailsPrep.populateCommonLineElements", 
                    "title": "oo.OrderOrchestrationLineDetailsPrep.populateCommonLineElements"
                }, 
                {
                    "series": "com.cisco.ccrc.orderconv.oo.OrderOrchestrationLineDetailsPrep.populateTNCLine", 
                    "title": "oo.OrderOrchestrationLineDetailsPrep.populateTNCLine"
                }, 
                {
                    "series": "com.cisco.ccrc.orderconv.oo.OrderOrchestrationLineDetailsPrep.populateTNCProductLine", 
                    "title": "oo.OrderOrchestrationLineDetailsPrep.populateTNCProductLine"
                }, 
                {
                    "series": "com.cisco.ccrc.orderconv.oo.OrderOrchestrationLineDetailsPrep.populateTNCServiceLine", 
                    "title": "oo.OrderOrchestrationLineDetailsPrep.populateTNCServiceLine"
                }, 
                {
                    "series": "com.cisco.ccrc.orderconv.oo.OrderOrchestrationLineDetailsPrep.populateTSspecificLine", 
                    "title": "oo.OrderOrchestrationLineDetailsPrep.populateTSspecificLine"
                }, 
                {
                    "series": "com.cisco.ccrc.orderconv.oo.OrderOrchestrationLinesPrep.prepareLines", 
                    "title": "oo.OrderOrchestrationLinesPrep.prepareLines"
                }, 
                {
                    "series": "com.cisco.ccrc.orderconv.orderdataservice.InvoicingService.deriveAndUpdateHighestMonetarySite", 
                    "title": "orderdataservice.InvoicingService.deriveAndUpdateHighestMonetarySite"
                }, 
                {
                    "series": "com.cisco.ccrc.orderconv.orderdataservice.OrderDataDerivation.instanceCheckTable", 
                    "title": "orderdataservice.OrderDataDerivation.instanceCheckTable"
                }, 
                {
                    "series": "com.cisco.ccrc.orderconv.orderdataservice.OrderDataDerivation.prepareOrderData", 
                    "title": "orderdataservice.OrderDataDerivation.prepareOrderData"
                }, 
                {
                    "series": "com.cisco.ccrc.orderconv.orderdataservice.OrderDataDerivation.saveOrder", 
                    "title": "orderdataservice.OrderDataDerivation.saveOrder"
                }, 
                {
                    "series": "com.cisco.ccrc.orderconv.orderdataservice.TermContentDataCreator.createTCProductLines", 
                    "title": "orderdataservice.TermContentDataCreator.createTCProductLines"
                }, 
                {
                    "series": "com.cisco.ccrc.orderconv.orderdataservice.TermContentDataCreator.deriveTCData", 
                    "title": "orderdataservice.TermContentDataCreator.deriveTCData"
                }, 
                {
                    "series": "com.cisco.ccrc.orderconv.orderdataservice.lq.InvoiceSkuOrderLinesLq.createSkuOrderLines", 
                    "title": "orderdataservice.lq.InvoiceSkuOrderLinesLq.createSkuOrderLines"
                }, 
                {
                    "series": "com.cisco.ccrc.orderconv.orderdataservice.lq.OrderCreatorHelper.getGroupedLinesData", 
                    "title": "orderdataservice.lq.OrderCreatorHelper.getGroupedLinesData"
                }, 
                {
                    "series": "com.cisco.ccrc.orderconv.orderdataservice.lq.OrderCreatorLq.getGroupedOrderLines", 
                    "title": "orderdataservice.lq.OrderCreatorLq.getGroupedOrderLines"
                }, 
                {
                    "series": "com.cisco.ccrc.orderconv.orderdataservice.lq.OrderCreatorLq.prepareOrderDTO", 
                    "title": "orderdataservice.lq.OrderCreatorLq.prepareOrderDTO"
                }, 
                {
                    "series": "com.cisco.ccrc.orderconv.orderdataservice.lq.OrderCreatorLq.prepareSKUOrderLines", 
                    "title": "orderdataservice.lq.OrderCreatorLq.prepareSKUOrderLines"
                }, 
                {
                    "series": "com.cisco.ccrc.orderconv.orderdataservice.lq.OrderHeaderCreatorLq.deriveOrderType", 
                    "title": "orderdataservice.lq.OrderHeaderCreatorLq.deriveOrderType"
                }, 
                {
                    "series": "com.cisco.ccrc.orderconv.orderdataservice.lq.OrderHeaderCreatorLq.getGroupedHeadersData", 
                    "title": "orderdataservice.lq.OrderHeaderCreatorLq.getGroupedHeadersData"
                }, 
                {
                    "series": "com.cisco.ccrc.orderconv.orderdataservice.lq.OrderHeaderCreatorLq.populateOrderHeader", 
                    "title": "orderdataservice.lq.OrderHeaderCreatorLq.populateOrderHeader"
                }, 
                {
                    "series": "com.cisco.ccrc.orderconv.orderdataservice.lq.OrderHeaderCreatorLq.updateHeaderWithPrices", 
                    "title": "orderdataservice.lq.OrderHeaderCreatorLq.updateHeaderWithPrices"
                }, 
                {
                    "series": "com.cisco.ccrc.orderconv.orderdataservice.lq.OrderLineCreatorLq.getOrderLine", 
                    "title": "orderdataservice.lq.OrderLineCreatorLq.getOrderLine"
                }, 
                {
                    "series": "com.cisco.ccrc.orderconv.orderdataservice.lq.OrderLineCreatorLq.getQuoteLinesGroupedData", 
                    "title": "orderdataservice.lq.OrderLineCreatorLq.getQuoteLinesGroupedData"
                }, 
                {
                    "series": "com.cisco.ccrc.orderconv.orderdataservice.lq.OrderLineCreatorLq.getTnCProductLine", 
                    "title": "orderdataservice.lq.OrderLineCreatorLq.getTnCProductLine"
                }, 
                {
                    "series": "com.cisco.ccrc.orderconv.orderdataservice.lq.OrderLineCreatorLq.populateQ2OLines", 
                    "title": "orderdataservice.lq.OrderLineCreatorLq.populateQ2OLines"
                }, 
                {
                    "series": "com.cisco.ccrc.orderconv.queue.ConversionQueueConsumer.onMessage", 
                    "title": "queue.ConversionQueueConsumer.onMessage"
                }, 
                {
                    "series": "com.cisco.ccrc.orderconv.queue.ConversionResponseQConsumer.onMessage", 
                    "title": "queue.ConversionResponseQConsumer.onMessage"
                }, 
                {
                    "series": "com.cisco.ccrc.orderconv.queue.ConversionResubmitQConsumer.onMessage", 
                    "title": "queue.ConversionResubmitQConsumer.onMessage"
                }, 
                {
                    "series": "com.cisco.ccrc.orderconv.queue.ErpReqQMessageConsumer.onMessage", 
                    "title": "queue.ErpReqQMessageConsumer.onMessage"
                }, 
                {
                    "series": "com.cisco.ccrc.orderconv.queue.OoResponseQConsumer.onMessage", 
                    "title": "queue.OoResponseQConsumer.onMessage"
                }, 
                {
                    "series": "com.cisco.ccrc.orderconv.queue.ProceedToOrderQConsumer.onMessage", 
                    "title": "queue.ProceedToOrderQConsumer.onMessage"
                }, 
                {
                    "series": "com.cisco.ccrc.orderconv.queue.SmartQueueConsumer.onMessage", 
                    "title": "queue.SmartQueueConsumer.onMessage"
                }, 
                {
                    "series": "com.cisco.ccrc.orderconv.queue.ZombieMessageProcess.onMessage", 
                    "title": "queue.ZombieMessageProcess.onMessage"
                }, 
                {
                    "series": "com.cisco.ccrc.orderconv.restservice.ConversionResubmitService.conversionResubmitService", 
                    "title": "restservice.ConversionResubmitService.conversionResubmitService"
                }, 
                {
                    "series": "com.cisco.ccrc.orderconv.restservice.InvoiceSkuService.deriveInvoiceSKUMap", 
                    "title": "restservice.InvoiceSkuService.deriveInvoiceSKUMap"
                }, 
                {
                    "series": "com.cisco.ccrc.orderconv.restserviceimpl.InvoiceSkuServiceHelper.calculateFixedDollarSkuPrice", 
                    "title": "restserviceimpl.InvoiceSkuServiceHelper.calculateFixedDollarSkuPrice"
                }, 
                {
                    "series": "com.cisco.ccrc.orderconv.restserviceimpl.InvoiceSkuServiceImpl.getSKU", 
                    "title": "restserviceimpl.InvoiceSkuServiceImpl.getSKU"
                }
            ], 
            "row-title": "Additional Metrics"
        }
    ]
}