{
    "dashboard_name": "persistent", 
    "metrics": [
        {
            "panels": [], 
            "row-title": "Inbound REST API Call Metrics"
        }, 
        {
            "panels": [
                {
                    "series": "com.cisco.ccrc.persistent.cache.CacheService.fetchCacheData", 
                    "title": "cache.CacheService.fetchCacheData"
                }, 
                {
                    "series": "com.cisco.ccrc.persistent.cache.CacheService.setCacheData", 
                    "title": "cache.CacheService.setCacheData"
                }, 
                {
                    "series": "com.cisco.ccrc.persistent.cache.CacheServiceImpl.fetchCacheData", 
                    "title": "cache.CacheServiceImpl.fetchCacheData"
                }, 
                {
                    "series": "com.cisco.ccrc.persistent.cache.CacheServiceImpl.setCacheData", 
                    "title": "cache.CacheServiceImpl.setCacheData"
                }, 
                {
                    "series": "com.cisco.ccrc.persistent.service.cassandra.ContractPersistenceService.getContractTransactionId", 
                    "title": "service.cassandra.ContractPersistenceService.getContractTransactionId"
                }, 
                {
                    "series": "com.cisco.ccrc.persistent.service.cassandra.ContractPersistenceService.getContracts", 
                    "title": "service.cassandra.ContractPersistenceService.getContracts"
                }, 
                {
                    "series": "com.cisco.ccrc.persistent.service.cassandra.ContractPersistenceService.saveContract", 
                    "title": "service.cassandra.ContractPersistenceService.saveContract"
                }, 
                {
                    "series": "com.cisco.ccrc.persistent.service.cassandra.KafkaService.memcachedPush", 
                    "title": "service.cassandra.KafkaService.memcachedPush"
                }, 
                {
                    "series": "com.cisco.ccrc.persistent.service.cassandra.KafkaService.qErrorPush", 
                    "title": "service.cassandra.KafkaService.qErrorPush"
                }, 
                {
                    "series": "com.cisco.ccrc.persistent.service.cassandra.KafkaService.qHeaderPush", 
                    "title": "service.cassandra.KafkaService.qHeaderPush"
                }, 
                {
                    "series": "com.cisco.ccrc.persistent.service.cassandra.KafkaService.qLinesPush", 
                    "title": "service.cassandra.KafkaService.qLinesPush"
                }, 
                {
                    "series": "com.cisco.ccrc.persistent.service.cassandra.OrderPersistenceService.counterEventDelete", 
                    "title": "service.cassandra.OrderPersistenceService.counterEventDelete"
                }, 
                {
                    "series": "com.cisco.ccrc.persistent.service.cassandra.OrderPersistenceService.counterFetch", 
                    "title": "service.cassandra.OrderPersistenceService.counterFetch"
                }, 
                {
                    "series": "com.cisco.ccrc.persistent.service.cassandra.OrderPersistenceService.deleteOrderQuoteInstances", 
                    "title": "service.cassandra.OrderPersistenceService.deleteOrderQuoteInstances"
                }, 
                {
                    "series": "com.cisco.ccrc.persistent.service.cassandra.OrderPersistenceService.deleteRecordFromOSync", 
                    "title": "service.cassandra.OrderPersistenceService.deleteRecordFromOSync"
                }, 
                {
                    "series": "com.cisco.ccrc.persistent.service.cassandra.OrderPersistenceService.fetchCount", 
                    "title": "service.cassandra.OrderPersistenceService.fetchCount"
                }, 
                {
                    "series": "com.cisco.ccrc.persistent.service.cassandra.OrderPersistenceService.getDataFromOSync", 
                    "title": "service.cassandra.OrderPersistenceService.getDataFromOSync"
                }, 
                {
                    "series": "com.cisco.ccrc.persistent.service.cassandra.OrderPersistenceService.getOrder", 
                    "title": "service.cassandra.OrderPersistenceService.getOrder"
                }, 
                {
                    "series": "com.cisco.ccrc.persistent.service.cassandra.OrderPersistenceService.getOrderEvents", 
                    "title": "service.cassandra.OrderPersistenceService.getOrderEvents"
                }, 
                {
                    "series": "com.cisco.ccrc.persistent.service.cassandra.OrderPersistenceService.getOrderId", 
                    "title": "service.cassandra.OrderPersistenceService.getOrderId"
                }, 
                {
                    "series": "com.cisco.ccrc.persistent.service.cassandra.OrderPersistenceService.getOrderQuoteInstances", 
                    "title": "service.cassandra.OrderPersistenceService.getOrderQuoteInstances"
                }, 
                {
                    "series": "com.cisco.ccrc.persistent.service.cassandra.OrderPersistenceService.incrementEventcount", 
                    "title": "service.cassandra.OrderPersistenceService.incrementEventcount"
                }, 
                {
                    "series": "com.cisco.ccrc.persistent.service.cassandra.OrderPersistenceService.insertEventCount", 
                    "title": "service.cassandra.OrderPersistenceService.insertEventCount"
                }, 
                {
                    "series": "com.cisco.ccrc.persistent.service.cassandra.OrderPersistenceService.saveDataToOSync", 
                    "title": "service.cassandra.OrderPersistenceService.saveDataToOSync"
                }, 
                {
                    "series": "com.cisco.ccrc.persistent.service.cassandra.OrderPersistenceService.saveOrder", 
                    "title": "service.cassandra.OrderPersistenceService.saveOrder"
                }, 
                {
                    "series": "com.cisco.ccrc.persistent.service.cassandra.OrderPersistenceService.saveOrderEvents", 
                    "title": "service.cassandra.OrderPersistenceService.saveOrderEvents"
                }, 
                {
                    "series": "com.cisco.ccrc.persistent.service.cassandra.OrderPersistenceService.saveOrderQuoteInstances", 
                    "title": "service.cassandra.OrderPersistenceService.saveOrderQuoteInstances"
                }, 
                {
                    "series": "com.cisco.ccrc.persistent.service.cassandra.OrderPersistenceService.saveReprocessData", 
                    "title": "service.cassandra.OrderPersistenceService.saveReprocessData"
                }, 
                {
                    "series": "com.cisco.ccrc.persistent.service.cassandra.QPersistenceService.getErrors", 
                    "title": "service.cassandra.QPersistenceService.getErrors"
                }, 
                {
                    "series": "com.cisco.ccrc.persistent.service.cassandra.QPersistenceService.getMajorLineIds", 
                    "title": "service.cassandra.QPersistenceService.getMajorLineIds"
                }, 
                {
                    "series": "com.cisco.ccrc.persistent.service.cassandra.QPersistenceService.getNgqoDerivedLine", 
                    "title": "service.cassandra.QPersistenceService.getNgqoDerivedLine"
                }, 
                {
                    "series": "com.cisco.ccrc.persistent.service.cassandra.QPersistenceService.getQuoteHeaders", 
                    "title": "service.cassandra.QPersistenceService.getQuoteHeaders"
                }, 
                {
                    "series": "com.cisco.ccrc.persistent.service.cassandra.QPersistenceService.saveErrors", 
                    "title": "service.cassandra.QPersistenceService.saveErrors"
                }, 
                {
                    "series": "com.cisco.ccrc.persistent.service.cassandra.QPersistenceService.saveErrorsHist", 
                    "title": "service.cassandra.QPersistenceService.saveErrorsHist"
                }, 
                {
                    "series": "com.cisco.ccrc.persistent.service.cassandra.QPersistenceService.saveLines", 
                    "title": "service.cassandra.QPersistenceService.saveLines"
                }, 
                {
                    "series": "com.cisco.ccrc.persistent.serviceimpl.cassandra.KafkaServiceImpl.memcachedPush", 
                    "title": "serviceimpl.cassandra.KafkaServiceImpl.memcachedPush"
                }, 
                {
                    "series": "com.cisco.ccrc.persistent.serviceimpl.cassandra.KafkaServiceImpl.qDeletePush", 
                    "title": "serviceimpl.cassandra.KafkaServiceImpl.qDeletePush"
                }, 
                {
                    "series": "com.cisco.ccrc.persistent.serviceimpl.cassandra.KafkaServiceImpl.qErrorPush", 
                    "title": "serviceimpl.cassandra.KafkaServiceImpl.qErrorPush"
                }, 
                {
                    "series": "com.cisco.ccrc.persistent.serviceimpl.cassandra.KafkaServiceImpl.qHeaderPush", 
                    "title": "serviceimpl.cassandra.KafkaServiceImpl.qHeaderPush"
                }, 
                {
                    "series": "com.cisco.ccrc.persistent.serviceimpl.cassandra.KafkaServiceImpl.qLinesPush", 
                    "title": "serviceimpl.cassandra.KafkaServiceImpl.qLinesPush"
                }, 
                {
                    "series": "com.cisco.ccrc.persistent.serviceimpl.cassandra.NonStandardPersistenceServiceImpl.deleteDeal", 
                    "title": "serviceimpl.cassandra.NonStandardPersistenceServiceImpl.deleteDeal"
                }, 
                {
                    "series": "com.cisco.ccrc.persistent.serviceimpl.cassandra.NonStandardPersistenceServiceImpl.getNonStdDeal", 
                    "title": "serviceimpl.cassandra.NonStandardPersistenceServiceImpl.getNonStdDeal"
                }, 
                {
                    "series": "com.cisco.ccrc.persistent.serviceimpl.cassandra.NonStandardPersistenceServiceImpl.saveNonStdDeal", 
                    "title": "serviceimpl.cassandra.NonStandardPersistenceServiceImpl.saveNonStdDeal"
                }, 
                {
                    "series": "com.cisco.ccrc.persistent.serviceimpl.cassandra.OrderPersistenceServiceImpl.deleteOrderQuoteInstances", 
                    "title": "serviceimpl.cassandra.OrderPersistenceServiceImpl.deleteOrderQuoteInstances"
                }, 
                {
                    "series": "com.cisco.ccrc.persistent.serviceimpl.cassandra.QPersistenceServiceImpl.deleteConfigurations", 
                    "title": "serviceimpl.cassandra.QPersistenceServiceImpl.deleteConfigurations"
                }, 
                {
                    "series": "com.cisco.ccrc.persistent.serviceimpl.cassandra.QPersistenceServiceImpl.getB2B", 
                    "title": "serviceimpl.cassandra.QPersistenceServiceImpl.getB2B"
                }, 
                {
                    "series": "com.cisco.ccrc.persistent.serviceimpl.cassandra.QPersistenceServiceImpl.getDealDiscounts", 
                    "title": "serviceimpl.cassandra.QPersistenceServiceImpl.getDealDiscounts"
                }, 
                {
                    "series": "com.cisco.ccrc.persistent.serviceimpl.cassandra.QPersistenceServiceImpl.getErrorByConfig", 
                    "title": "serviceimpl.cassandra.QPersistenceServiceImpl.getErrorByConfig"
                }, 
                {
                    "series": "com.cisco.ccrc.persistent.serviceimpl.cassandra.QPersistenceServiceImpl.getErrors", 
                    "title": "serviceimpl.cassandra.QPersistenceServiceImpl.getErrors"
                }, 
                {
                    "series": "com.cisco.ccrc.persistent.serviceimpl.cassandra.QPersistenceServiceImpl.getHeaderErrorStat", 
                    "title": "serviceimpl.cassandra.QPersistenceServiceImpl.getHeaderErrorStat"
                }, 
                {
                    "series": "com.cisco.ccrc.persistent.serviceimpl.cassandra.QPersistenceServiceImpl.getLargeQuoteCache", 
                    "title": "serviceimpl.cassandra.QPersistenceServiceImpl.getLargeQuoteCache"
                }, 
                {
                    "series": "com.cisco.ccrc.persistent.serviceimpl.cassandra.QPersistenceServiceImpl.getLimitedMajorLines", 
                    "title": "serviceimpl.cassandra.QPersistenceServiceImpl.getLimitedMajorLines"
                }, 
                {
                    "series": "com.cisco.ccrc.persistent.serviceimpl.cassandra.QPersistenceServiceImpl.getMajorLineIds", 
                    "title": "serviceimpl.cassandra.QPersistenceServiceImpl.getMajorLineIds"
                }, 
                {
                    "series": "com.cisco.ccrc.persistent.serviceimpl.cassandra.QPersistenceServiceImpl.getMajorLines", 
                    "title": "serviceimpl.cassandra.QPersistenceServiceImpl.getMajorLines"
                }, 
                {
                    "series": "com.cisco.ccrc.persistent.serviceimpl.cassandra.QPersistenceServiceImpl.getMinorLines", 
                    "title": "serviceimpl.cassandra.QPersistenceServiceImpl.getMinorLines"
                }, 
                {
                    "series": "com.cisco.ccrc.persistent.serviceimpl.cassandra.QPersistenceServiceImpl.getNgqoDerivedLine", 
                    "title": "serviceimpl.cassandra.QPersistenceServiceImpl.getNgqoDerivedLine"
                }, 
                {
                    "series": "com.cisco.ccrc.persistent.serviceimpl.cassandra.QPersistenceServiceImpl.getQuoteHeader", 
                    "title": "serviceimpl.cassandra.QPersistenceServiceImpl.getQuoteHeader"
                }, 
                {
                    "series": "com.cisco.ccrc.persistent.serviceimpl.cassandra.QPersistenceServiceImpl.getQuoteHeaders", 
                    "title": "serviceimpl.cassandra.QPersistenceServiceImpl.getQuoteHeaders"
                }, 
                {
                    "series": "com.cisco.ccrc.persistent.serviceimpl.cassandra.QPersistenceServiceImpl.saveB2BData", 
                    "title": "serviceimpl.cassandra.QPersistenceServiceImpl.saveB2BData"
                }, 
                {
                    "series": "com.cisco.ccrc.persistent.serviceimpl.cassandra.QPersistenceServiceImpl.saveErrors", 
                    "title": "serviceimpl.cassandra.QPersistenceServiceImpl.saveErrors"
                }, 
                {
                    "series": "com.cisco.ccrc.persistent.serviceimpl.cassandra.QPersistenceServiceImpl.saveErrorsHist", 
                    "title": "serviceimpl.cassandra.QPersistenceServiceImpl.saveErrorsHist"
                }, 
                {
                    "series": "com.cisco.ccrc.persistent.serviceimpl.cassandra.QPersistenceServiceImpl.saveLargeQuoteCacheHeader", 
                    "title": "serviceimpl.cassandra.QPersistenceServiceImpl.saveLargeQuoteCacheHeader"
                }, 
                {
                    "series": "com.cisco.ccrc.persistent.serviceimpl.cassandra.QPersistenceServiceImpl.saveLines", 
                    "title": "serviceimpl.cassandra.QPersistenceServiceImpl.saveLines"
                }, 
                {
                    "series": "com.cisco.ccrc.persistent.serviceimpl.cassandra.QPersistenceServiceImpl.setNgqoDerivedLine", 
                    "title": "serviceimpl.cassandra.QPersistenceServiceImpl.setNgqoDerivedLine"
                }, 
                {
                    "series": "com.cisco.ccrc.persistent.serviceimpl.cassandra.QuoteUpdateServiceImpl.deleteQuote", 
                    "title": "serviceimpl.cassandra.QuoteUpdateServiceImpl.deleteQuote"
                }, 
                {
                    "series": "com.cisco.ccrc.persistent.serviceimpl.cassandra.UPaaSServiceImpl.saveAuditLog", 
                    "title": "serviceimpl.cassandra.UPaaSServiceImpl.saveAuditLog"
                }
            ], 
            "row-title": "Outbound REST API Call Metrics"
        }, 
        {
            "panels": [], 
            "row-title": "Additional Metrics"
        }
    ]
}