{
    "dashboard_name": "quotelines", 
    "metrics": [
        {
            "panels": [
                {
                    "series": "com.cisco.ccrc.quotelines.component.PrepareLineComponent.prepareErrorUpdate", 
                    "title": "component.PrepareLineComponent.prepareErrorUpdate"
                }, 
                {
                    "series": "com.cisco.ccrc.quotelines.component.PrepareLineComponent.prepareMajorLine", 
                    "title": "component.PrepareLineComponent.prepareMajorLine"
                }, 
                {
                    "series": "com.cisco.ccrc.quotelines.controller.PingController.ping", 
                    "title": "controller.PingController.ping"
                }
            ], 
            "row-title": "Inbound REST API Call Metrics"
        }, 
        {
            "panels": [
                {
                    "series": "com.cisco.ccrc.quotelines.elastic.ElasticUtils.bulkDeleteRequest", 
                    "title": "elastic.ElasticUtils.bulkDeleteRequest"
                }, 
                {
                    "series": "com.cisco.ccrc.quotelines.elastic.ElasticUtils.bulkIndexRequest", 
                    "title": "elastic.ElasticUtils.bulkIndexRequest"
                }, 
                {
                    "series": "com.cisco.ccrc.quotelines.elastic.ElasticUtils.bulkUpdateRequest", 
                    "title": "elastic.ElasticUtils.bulkUpdateRequest"
                }, 
                {
                    "series": "com.cisco.ccrc.quotelines.elastic.ElasticUtils.multiGetRequest", 
                    "title": "elastic.ElasticUtils.multiGetRequest"
                }
            ], 
            "row-title": "Outbound REST API Call Metrics"
        }, 
        {
            "panels": [], 
            "row-title": "Additional Metrics"
        }
    ]
}