{
    "dashboard_name": "quote", 
    "metrics": [
        {
            "panels": [
                {
                    "series": "com.cisco.ccrc.quote.QuoteDetailServiceImpl.getQuoteDetails", 
                    "title": "QuoteDetailServiceImpl.getQuoteDetails"
                }, 
                {
                    "series": "com.cisco.ccrc.quote.QuoteServiceImpl.createQuote", 
                    "title": "QuoteServiceImpl.createQuote"
                }, 
                {
                    "series": "com.cisco.ccrc.quote.QuoteServiceImpl.deleteQuote", 
                    "title": "QuoteServiceImpl.deleteQuote"
                }, 
                {
                    "series": "com.cisco.ccrc.quote.QuoteServiceImpl.readDefaultDistiBid", 
                    "title": "QuoteServiceImpl.readDefaultDistiBid"
                }, 
                {
                    "series": "com.cisco.ccrc.quote.QuoteServiceImpl.readQuote", 
                    "title": "QuoteServiceImpl.readQuote"
                }, 
                {
                    "series": "com.cisco.ccrc.quote.QuoteServiceImpl.saveHeader", 
                    "title": "QuoteServiceImpl.saveHeader"
                }, 
                {
                    "series": "com.cisco.ccrc.quote.QuoteServiceImpl.updateContact", 
                    "title": "QuoteServiceImpl.updateContact"
                }, 
                {
                    "series": "com.cisco.ccrc.quote.QuoteServiceImpl.updateQuote", 
                    "title": "QuoteServiceImpl.updateQuote"
                }, 
                {
                    "series": "com.cisco.ccrc.quote.QuoteServiceImpl.updateSmartAccountDetails", 
                    "title": "QuoteServiceImpl.updateSmartAccountDetails"
                }, 
                {
                    "series": "com.cisco.ccrc.quote.config.LineServiceImpl.createLines", 
                    "title": "config.LineServiceImpl.createLines"
                }, 
                {
                    "series": "com.cisco.ccrc.quote.config.LineServiceImpl.deleteLinesLargeQuote", 
                    "title": "config.LineServiceImpl.deleteLinesLargeQuote"
                }, 
                {
                    "series": "com.cisco.ccrc.quote.config.LineServiceImpl.readLines", 
                    "title": "config.LineServiceImpl.readLines"
                }, 
                {
                    "series": "com.cisco.ccrc.quote.deal.DealServiceImpl.create", 
                    "title": "deal.DealServiceImpl.create"
                }, 
                {
                    "series": "com.cisco.ccrc.quote.deal.DealServiceImpl.read", 
                    "title": "deal.DealServiceImpl.read"
                }, 
                {
                    "series": "com.cisco.ccrc.quote.initiation.QuoteInitiationServiceImpl.quoteInitiation", 
                    "title": "initiation.QuoteInitiationServiceImpl.quoteInitiation"
                }, 
                {
                    "series": "com.cisco.ccrc.quote.invoice.SampleInvoiceServiceImpl.getSampleInvoice", 
                    "title": "invoice.SampleInvoiceServiceImpl.getSampleInvoice"
                }, 
                {
                    "series": "com.cisco.ccrc.quote.ngcpunchout.NGCPunchoutServiceImpl.ngcPunchout", 
                    "title": "ngcpunchout.NGCPunchoutServiceImpl.ngcPunchout"
                }, 
                {
                    "series": "com.cisco.ccrc.quote.ngcpunchout.NGCPunchoutServiceImpl.readNGCPunchOutResponse", 
                    "title": "ngcpunchout.NGCPunchoutServiceImpl.readNGCPunchOutResponse"
                }, 
                {
                    "series": "com.cisco.ccrc.quote.order.QuoteOrderServiceImpl.createOrder", 
                    "title": "order.QuoteOrderServiceImpl.createOrder"
                }, 
                {
                    "series": "com.cisco.ccrc.quote.queue.ConversionValidationQConsumer.onMessage", 
                    "title": "queue.ConversionValidationQConsumer.onMessage"
                }, 
                {
                    "series": "com.cisco.ccrc.quote.queue.DealRequestQueueProducer.enqueueMessage", 
                    "title": "queue.DealRequestQueueProducer.enqueueMessage"
                }, 
                {
                    "series": "com.cisco.ccrc.quote.serviceattach.ServiceLevelAttachImpl.attach", 
                    "title": "serviceattach.ServiceLevelAttachImpl.attach"
                }, 
                {
                    "series": "com.cisco.ccrc.quote.share.ShareAccessServiceImpl.grantAccess", 
                    "title": "share.ShareAccessServiceImpl.grantAccess"
                }, 
                {
                    "series": "com.cisco.ccrc.quote.share.ShareAccessServiceImpl.readSharedUsers", 
                    "title": "share.ShareAccessServiceImpl.readSharedUsers"
                }, 
                {
                    "series": "com.cisco.ccrc.quote.share.ShareAccessServiceImpl.revokeAccess", 
                    "title": "share.ShareAccessServiceImpl.revokeAccess"
                }, 
                {
                    "series": "com.cisco.ccrc.quotelineedit.controller.LineEditController.update", 
                    "title": "ineedit.controller.LineEditController.update"
                }, 
                {
                    "series": "com.cisco.ccrc.quotelines.component.PrepareLineComponent.prepareErrorUpdate", 
                    "title": "ines.component.PrepareLineComponent.prepareErrorUpdate"
                }, 
                {
                    "series": "com.cisco.ccrc.quotelines.component.PrepareLineComponent.prepareMajorLine", 
                    "title": "ines.component.PrepareLineComponent.prepareMajorLine"
                }, 
                {
                    "series": "com.cisco.ccrc.quotelines.controller.PingController.ping", 
                    "title": "ines.controller.PingController.ping"
                }
            ], 
            "row-title": "Inbound REST API Call Metrics"
        }, 
        {
            "panels": [
                {
                    "series": "com.cisco.ccrc.quote.QuoteContactComponent.fetchBillToAddressFromES", 
                    "title": "QuoteContactComponent.fetchBillToAddressFromES"
                }, 
                {
                    "series": "com.cisco.ccrc.quote.config.ReadLineComponent.getQuoteMajorLines", 
                    "title": "config.ReadLineComponent.getQuoteMajorLines"
                }, 
                {
                    "series": "com.cisco.ccrc.quote.config.ReadLineComponent.prepareConfigurations", 
                    "title": "config.ReadLineComponent.prepareConfigurations"
                }, 
                {
                    "series": "com.cisco.ccrc.quote.config.create.ProcessConfigurationDataComponent.saveNGQODerivedLine", 
                    "title": "config.create.ProcessConfigurationDataComponent.saveNGQODerivedLine"
                }, 
                {
                    "series": "com.cisco.ccrc.quote.config.create.ProcessConfigurationDataComponent.validateQuote", 
                    "title": "config.create.ProcessConfigurationDataComponent.validateQuote"
                }, 
                {
                    "series": "com.cisco.ccrc.quote.config.edit.UpdateLinesESComponent.fetchShipToDetailsfromES", 
                    "title": "config.edit.UpdateLinesESComponent.fetchShipToDetailsfromES"
                }, 
                {
                    "series": "com.cisco.ccrc.quote.config.edit.UpdateLinesESComponent.getSKUDataFromES", 
                    "title": "config.edit.UpdateLinesESComponent.getSKUDataFromES"
                }, 
                {
                    "series": "com.cisco.ccrc.quote.error.QuoteErrorComponent.getHeaderErrors", 
                    "title": "error.QuoteErrorComponent.getHeaderErrors"
                }, 
                {
                    "series": "com.cisco.ccrc.quote.federal.FederalComponent.getCustomerClassCode", 
                    "title": "federal.FederalComponent.getCustomerClassCode"
                }, 
                {
                    "series": "com.cisco.ccrc.quote.followon.CreateFollowOnLinesComponent.getFollowOnDataList", 
                    "title": "followon.CreateFollowOnLinesComponent.getFollowOnDataList"
                }, 
                {
                    "series": "com.cisco.ccrc.quote.initiation.DistributionInititationServiceImpl.validateDistiProfileDetails", 
                    "title": "initiation.DistributionInititationServiceImpl.validateDistiProfileDetails"
                }, 
                {
                    "series": "com.cisco.ccrc.quote.initiation.QuoteInitiationServiceImpl.getDistiProfileIdMap", 
                    "title": "initiation.QuoteInitiationServiceImpl.getDistiProfileIdMap"
                }, 
                {
                    "series": "com.cisco.ccrc.quote.invoice.SampleInvoiceServiceImpl.callInvoiceService", 
                    "title": "invoice.SampleInvoiceServiceImpl.callInvoiceService"
                }, 
                {
                    "series": "com.cisco.ccrc.quote.listprice.listpriceservicecreationtime", 
                    "title": "listprice.listpriceservicecreationtime"
                }, 
                {
                    "series": "com.cisco.ccrc.quote.ngc.multiple.serviceattachcreationservicetime", 
                    "title": "ngc.multiple.serviceattachcreationservicetime"
                }, 
                {
                    "series": "com.cisco.ccrc.quote.ngc.servicelovservicetime", 
                    "title": "ngc.servicelovservicetime"
                }, 
                {
                    "series": "com.cisco.ccrc.quote.order.ProcessOrderServiceImpl.callOrderService", 
                    "title": "order.ProcessOrderServiceImpl.callOrderService"
                }, 
                {
                    "series": "com.cisco.ccrc.quote.rma.RMAComponent.getRMAInstanceId", 
                    "title": "rma.RMAComponent.getRMAInstanceId"
                }, 
                {
                    "series": "com.cisco.ccrc.quote.security.access.QuoteAccessComponent.isQuoteAccessible", 
                    "title": "security.access.QuoteAccessComponent.isQuoteAccessible"
                }, 
                {
                    "series": "com.cisco.ccrc.quote.security.access.QuoteAccessComponent.populateSourceProfileIdList", 
                    "title": "security.access.QuoteAccessComponent.populateSourceProfileIdList"
                }, 
                {
                    "series": "com.cisco.ccrc.quote.serviceattach.ServiceAttachComponent.invokeAttach", 
                    "title": "serviceattach.ServiceAttachComponent.invokeAttach"
                }, 
                {
                    "series": "com.cisco.ccrc.quote.servicelov.ServiceLevelLOVImpl.getServiceLevelLov", 
                    "title": "servicelov.ServiceLevelLOVImpl.getServiceLevelLov"
                }, 
                {
                    "series": "com.cisco.ccrc.quote.takeover.TakeOverComponent.isTakeOverFromValidation", 
                    "title": "takeover.TakeOverComponent.isTakeOverFromValidation"
                }, 
                {
                    "series": "com.cisco.ccrc.quote.tax.TaxServiceImpl.getLargeQuoteTaxStatus", 
                    "title": "tax.TaxServiceImpl.getLargeQuoteTaxStatus"
                }, 
                {
                    "series": "com.cisco.ccrc.quote.validation.ConversionRevalidator.validate", 
                    "title": "validation.ConversionRevalidator.validate"
                }, 
                {
                    "series": "com.cisco.ccrc.quote.validation.ErrorRollUp.saveHeaderErrors", 
                    "title": "validation.ErrorRollUp.saveHeaderErrors"
                }, 
                {
                    "series": "com.cisco.ccrc.quote.validation.ErrorRollUp.saveLineErrorsAndUpdateTabErrorMap", 
                    "title": "validation.ErrorRollUp.saveLineErrorsAndUpdateTabErrorMap"
                }, 
                {
                    "series": "com.cisco.ccrc.quote.validation.ErrorRollUp.saveValidationHeaderErrors", 
                    "title": "validation.ErrorRollUp.saveValidationHeaderErrors"
                }, 
                {
                    "series": "com.cisco.ccrc.quote.validation.OrderingValidator.validate", 
                    "title": "validation.OrderingValidator.validate"
                }, 
                {
                    "series": "com.cisco.ccrc.quote.validation.QuoteValidatorService.validate", 
                    "title": "validation.QuoteValidatorService.validate"
                }, 
                {
                    "series": "com.cisco.ccrc.quote.validation.ValidationAPILargeQuote.callValidationAPI", 
                    "title": "validation.ValidationAPILargeQuote.callValidationAPI"
                }, 
                {
                    "series": "com.cisco.ccrc.quote.validation.ValidationAPILargeQuote.invokeValidation.postRequest", 
                    "title": "validation.ValidationAPILargeQuote.invokeValidation.postRequest"
                }, 
                {
                    "series": "com.cisco.ccrc.quote.validation.ValidationAPILargeQuote.invokeValidation.validationTime.HEADER", 
                    "title": "validation.ValidationAPILargeQuote.invokeValidation.validationTime.HEADER"
                }, 
                {
                    "series": "com.cisco.ccrc.quote.validation.ValidationAPILargeQuote.invokeValidation.validationTime.LINESBATCH", 
                    "title": "validation.ValidationAPILargeQuote.invokeValidation.validationTime.LINESBATCH"
                }, 
                {
                    "series": "com.cisco.ccrc.quote.validation.ValidationAPILargeQuote.invokeValidation.validationTime.NEWCONVERSION", 
                    "title": "validation.ValidationAPILargeQuote.invokeValidation.validationTime.NEWCONVERSION"
                }, 
                {
                    "series": "com.cisco.ccrc.quote.validation.ValidationAPILargeQuote.invokeValidation.validationTime.NEWDEAL", 
                    "title": "validation.ValidationAPILargeQuote.invokeValidation.validationTime.NEWDEAL"
                }, 
                {
                    "series": "com.cisco.ccrc.quote.validation.ValidationAPILargeQuote.invokeValidation.validationTime.NEWDEALPRICING", 
                    "title": "validation.ValidationAPILargeQuote.invokeValidation.validationTime.NEWDEALPRICING"
                }, 
                {
                    "series": "com.cisco.ccrc.quote.validation.ValidationAPILargeQuote.invokeValidation.validationTime.NEWNGC", 
                    "title": "validation.ValidationAPILargeQuote.invokeValidation.validationTime.NEWNGC"
                }, 
                {
                    "series": "com.cisco.ccrc.quote.validation.ValidationAPILargeQuote.invokeValidation.validationTime.NEWNONPRICING", 
                    "title": "validation.ValidationAPILargeQuote.invokeValidation.validationTime.NEWNONPRICING"
                }, 
                {
                    "series": "com.cisco.ccrc.quote.validation.ValidationAPILargeQuote.invokeValidation.validationTime.NEWPREHEADER", 
                    "title": "validation.ValidationAPILargeQuote.invokeValidation.validationTime.NEWPREHEADER"
                }, 
                {
                    "series": "com.cisco.ccrc.quote.validation.ValidationAPILargeQuote.invokeValidation.validationTime.NEWPRICING", 
                    "title": "validation.ValidationAPILargeQuote.invokeValidation.validationTime.NEWPRICING"
                }, 
                {
                    "series": "com.cisco.ccrc.quote.validation.ValidationAPILargeQuote.invokeValidation.validationTime.NEWSCORE", 
                    "title": "validation.ValidationAPILargeQuote.invokeValidation.validationTime.NEWSCORE"
                }, 
                {
                    "series": "com.cisco.ccrc.quote.validation.ValidationAPILargeQuote.invokeValidation.validationTime.NEWSHIPPING", 
                    "title": "validation.ValidationAPILargeQuote.invokeValidation.validationTime.NEWSHIPPING"
                }, 
                {
                    "series": "com.cisco.ccrc.quote.validation.ValidationAPILargeQuote.invokeValidation.validationTime.NEWTAX1T", 
                    "title": "validation.ValidationAPILargeQuote.invokeValidation.validationTime.NEWTAX1T"
                }, 
                {
                    "series": "com.cisco.ccrc.quote.validation.ValidationAPILargeQuote.invokeValidation.validationTime.NEWTAX2T", 
                    "title": "validation.ValidationAPILargeQuote.invokeValidation.validationTime.NEWTAX2T"
                }, 
                {
                    "series": "com.cisco.ccrc.quote.validation.ValidationAPILargeQuote.invokeValidation.validationTime.NONSTD", 
                    "title": "validation.ValidationAPILargeQuote.invokeValidation.validationTime.NONSTD"
                }, 
                {
                    "series": "com.cisco.ccrc.quote.validation.ValidationAPILargeQuote.invokeValidation.validationTime.ORDERHEADER", 
                    "title": "validation.ValidationAPILargeQuote.invokeValidation.validationTime.ORDERHEADER"
                }, 
                {
                    "series": "com.cisco.ccrc.quote.validation.ValidationAPILargeQuote.invokeValidation.validationTime.ORDERITEMS", 
                    "title": "validation.ValidationAPILargeQuote.invokeValidation.validationTime.ORDERITEMS"
                }, 
                {
                    "series": "com.cisco.ccrc.quote.validation.ValidationAPILargeQuote.invokeValidation.validationTime.PREORDER", 
                    "title": "validation.ValidationAPILargeQuote.invokeValidation.validationTime.PREORDER"
                }, 
                {
                    "series": "com.cisco.ccrc.quote.validation.ValidationAPILargeQuote.invokeValidation.validationTime.REVIEWALL", 
                    "title": "validation.ValidationAPILargeQuote.invokeValidation.validationTime.REVIEWALL"
                }, 
                {
                    "series": "com.cisco.ccrc.quote.validation.ValidationAPILargeQuote.invokeValidation.validationTime.REVIEWHEADER", 
                    "title": "validation.ValidationAPILargeQuote.invokeValidation.validationTime.REVIEWHEADER"
                }, 
                {
                    "series": "com.cisco.ccrc.quote.validation.ValidationAPILargeQuote.invokeValidation.validationTime.REVIEWITEMS", 
                    "title": "validation.ValidationAPILargeQuote.invokeValidation.validationTime.REVIEWITEMS"
                }, 
                {
                    "series": "com.cisco.ccrc.quote.validation.ValidationProcessHelper.validateConversionFailedQuote", 
                    "title": "validation.ValidationProcessHelper.validateConversionFailedQuote"
                }, 
                {
                    "series": "com.cisco.ccrc.quote.validation.ValidationProcessHelper.validateScore", 
                    "title": "validation.ValidationProcessHelper.validateScore"
                }, 
                {
                    "series": "com.cisco.ccrc.quote.validation.ValidationProcessHelper.validateTax", 
                    "title": "validation.ValidationProcessHelper.validateTax"
                }, 
                {
                    "series": "com.cisco.ccrc.quote.validation.ValidationServiceImpl.largeQuoteValidation", 
                    "title": "validation.ValidationServiceImpl.largeQuoteValidation"
                }, 
                {
                    "series": "com.cisco.ccrc.quotelineedit.component.LineEditComponent.editLinesRequest", 
                    "title": "ineedit.component.LineEditComponent.editLinesRequest"
                }, 
                {
                    "series": "com.cisco.ccrc.quotelines.elastic.ElasticUtils.bulkDeleteRequest", 
                    "title": "ines.elastic.ElasticUtils.bulkDeleteRequest"
                }, 
                {
                    "series": "com.cisco.ccrc.quotelines.elastic.ElasticUtils.bulkIndexRequest", 
                    "title": "ines.elastic.ElasticUtils.bulkIndexRequest"
                }, 
                {
                    "series": "com.cisco.ccrc.quotelines.elastic.ElasticUtils.bulkUpdateRequest", 
                    "title": "ines.elastic.ElasticUtils.bulkUpdateRequest"
                }, 
                {
                    "series": "com.cisco.ccrc.quotelines.elastic.ElasticUtils.multiGetRequest", 
                    "title": "ines.elastic.ElasticUtils.multiGetRequest"
                }
            ], 
            "row-title": "Outbound REST API Call Metrics"
        }, 
        {
            "panels": [
                {
                    "series": "com.cisco.ccrc.quote.QuoteBillingAddressComponent.setBillingDTO", 
                    "title": "QuoteBillingAddressComponent.setBillingDTO"
                }, 
                {
                    "series": "com.cisco.ccrc.quote.QuoteComponent.createHeader", 
                    "title": "QuoteComponent.createHeader"
                }, 
                {
                    "series": "com.cisco.ccrc.quote.QuoteComponent.deriveQuoteTypeAndBuyMethod", 
                    "title": "QuoteComponent.deriveQuoteTypeAndBuyMethod"
                }, 
                {
                    "series": "com.cisco.ccrc.quote.QuoteComponent.populateResellerAttributes", 
                    "title": "QuoteComponent.populateResellerAttributes"
                }, 
                {
                    "series": "com.cisco.ccrc.quote.QuoteComponent.readDefaultDistiBid", 
                    "title": "QuoteComponent.readDefaultDistiBid"
                }, 
                {
                    "series": "com.cisco.ccrc.quote.QuoteContactComponent.fetchListPriceOnBilltoUpdate", 
                    "title": "QuoteContactComponent.fetchListPriceOnBilltoUpdate"
                }, 
                {
                    "series": "com.cisco.ccrc.quote.QuoteContactComponent.getBillToAddress", 
                    "title": "QuoteContactComponent.getBillToAddress"
                }, 
                {
                    "series": "com.cisco.ccrc.quote.QuoteContactComponent.setDistiShippingDTO", 
                    "title": "QuoteContactComponent.setDistiShippingDTO"
                }, 
                {
                    "series": "com.cisco.ccrc.quote.QuoteResellerBillingAddressComponent.setResellerBillingDTO", 
                    "title": "QuoteResellerBillingAddressComponent.setResellerBillingDTO"
                }, 
                {
                    "series": "com.cisco.ccrc.quote.QuoteStatusComponentLargeQuote.isValidQuote", 
                    "title": "QuoteStatusComponentLargeQuote.isValidQuote"
                }, 
                {
                    "series": "com.cisco.ccrc.quote.QuoteTypeUpdateComponent.changeToDistributionQuote", 
                    "title": "QuoteTypeUpdateComponent.changeToDistributionQuote"
                }, 
                {
                    "series": "com.cisco.ccrc.quote.QuoteTypeUpdateComponent.changeto1TQuote", 
                    "title": "QuoteTypeUpdateComponent.changeto1TQuote"
                }, 
                {
                    "series": "com.cisco.ccrc.quote.QuoteTypeUpdateComponent.nullifyLineStatusMap", 
                    "title": "QuoteTypeUpdateComponent.nullifyLineStatusMap"
                }, 
                {
                    "series": "com.cisco.ccrc.quote.QuoteTypeUpdateComponent.updateDistiProfile", 
                    "title": "QuoteTypeUpdateComponent.updateDistiProfile"
                }, 
                {
                    "series": "com.cisco.ccrc.quote.config.FetchLineComponent.fetchLines", 
                    "title": "config.FetchLineComponent.fetchLines"
                }, 
                {
                    "series": "com.cisco.ccrc.quote.config.create.CoveredMajorLinesComponent.mapMajorLine", 
                    "title": "config.create.CoveredMajorLinesComponent.mapMajorLine"
                }, 
                {
                    "series": "com.cisco.ccrc.quote.config.create.CoveredMinorLinesComponent.mapMinorLine", 
                    "title": "config.create.CoveredMinorLinesComponent.mapMinorLine"
                }, 
                {
                    "series": "com.cisco.ccrc.quote.config.create.CreateConfigurationComponent.prepareConfigurations", 
                    "title": "config.create.CreateConfigurationComponent.prepareConfigurations"
                }, 
                {
                    "series": "com.cisco.ccrc.quote.config.create.CreateConfigurationComponent.validateQuote", 
                    "title": "config.create.CreateConfigurationComponent.validateQuote"
                }, 
                {
                    "series": "com.cisco.ccrc.quote.config.create.CreateConfigurationComponent.validateQuoteHeader", 
                    "title": "config.create.CreateConfigurationComponent.validateQuoteHeader"
                }, 
                {
                    "series": "com.cisco.ccrc.quote.config.create.CreateDataComponent.populatengqoDerivedLineData", 
                    "title": "config.create.CreateDataComponent.populatengqoDerivedLineData"
                }, 
                {
                    "series": "com.cisco.ccrc.quote.config.create.CreateLineComponent.createLine", 
                    "title": "config.create.CreateLineComponent.createLine"
                }, 
                {
                    "series": "com.cisco.ccrc.quote.config.create.ProcessConfigurationDataComponent.processServiceAttachResponse", 
                    "title": "config.create.ProcessConfigurationDataComponent.processServiceAttachResponse"
                }, 
                {
                    "series": "com.cisco.ccrc.quote.config.edit.DeleteLineComponentLargeQuote.deleteLines", 
                    "title": "config.edit.DeleteLineComponentLargeQuote.deleteLines"
                }, 
                {
                    "series": "com.cisco.ccrc.quote.config.edit.EditLineComponent.updateListPrice", 
                    "title": "config.edit.EditLineComponent.updateListPrice"
                }, 
                {
                    "series": "com.cisco.ccrc.quote.config.edit.UpdateLineComponent.updateLine", 
                    "title": "config.edit.UpdateLineComponent.updateLine"
                }, 
                {
                    "series": "com.cisco.ccrc.quote.config.edit.UpdateLineDataComponent.updateMajorLine", 
                    "title": "config.edit.UpdateLineDataComponent.updateMajorLine"
                }, 
                {
                    "series": "com.cisco.ccrc.quote.config.edit.UpdateLinesServiceComponent.deriveSKUAndUpdateListPrice", 
                    "title": "config.edit.UpdateLinesServiceComponent.deriveSKUAndUpdateListPrice"
                }, 
                {
                    "series": "com.cisco.ccrc.quote.config.edit.UpdateLinesServiceLargeQuoteImpl.updateLines", 
                    "title": "config.edit.UpdateLinesServiceLargeQuoteImpl.updateLines"
                }, 
                {
                    "series": "com.cisco.ccrc.quote.config.edit.UpdateLinesServiceLargeQuoteImpl.validateUpdateLines", 
                    "title": "config.edit.UpdateLinesServiceLargeQuoteImpl.validateUpdateLines"
                }, 
                {
                    "series": "com.cisco.ccrc.quote.deal.DealErrorComponent.removeDealCreationTechnicalSystemError", 
                    "title": "deal.DealErrorComponent.removeDealCreationTechnicalSystemError"
                }, 
                {
                    "series": "com.cisco.ccrc.quote.deal.DealErrorComponent.removeDealErrors", 
                    "title": "deal.DealErrorComponent.removeDealErrors"
                }, 
                {
                    "series": "com.cisco.ccrc.quote.delete.QuoteDeleteComponent.deleteQuote", 
                    "title": "delete.QuoteDeleteComponent.deleteQuote"
                }, 
                {
                    "series": "com.cisco.ccrc.quote.edit.QuoteUpdateComponent.updateQuote", 
                    "title": "edit.QuoteUpdateComponent.updateQuote"
                }, 
                {
                    "series": "com.cisco.ccrc.quote.edit.QuoteUpdateComponent.updateSmartAccountDetails", 
                    "title": "edit.QuoteUpdateComponent.updateSmartAccountDetails"
                }, 
                {
                    "series": "com.cisco.ccrc.quote.edit.ResellerBIDUpdateComponent.retainDistributor", 
                    "title": "edit.ResellerBIDUpdateComponent.retainDistributor"
                }, 
                {
                    "series": "com.cisco.ccrc.quote.edit.UpdateQuoteBillingComponent.updateBillingDetails", 
                    "title": "edit.UpdateQuoteBillingComponent.updateBillingDetails"
                }, 
                {
                    "series": "com.cisco.ccrc.quote.error.ErrorLineComponent.prepareErrorInfoData", 
                    "title": "error.ErrorLineComponent.prepareErrorInfoData"
                }, 
                {
                    "series": "com.cisco.ccrc.quote.error.QuoteErrorComponent.deriveTabStatus", 
                    "title": "error.QuoteErrorComponent.deriveTabStatus"
                }, 
                {
                    "series": "com.cisco.ccrc.quote.followon.CreateFollowOnLinesComponent.createFollowOnLines", 
                    "title": "followon.CreateFollowOnLinesComponent.createFollowOnLines"
                }, 
                {
                    "series": "com.cisco.ccrc.quote.followon.FollowOnMajorLinesComponent.mapMajorLine", 
                    "title": "followon.FollowOnMajorLinesComponent.mapMajorLine"
                }, 
                {
                    "series": "com.cisco.ccrc.quote.initiation.DistributionInititationServiceImpl.distributionInitiation", 
                    "title": "initiation.DistributionInititationServiceImpl.distributionInitiation"
                }, 
                {
                    "series": "com.cisco.ccrc.quote.listprice.listpriceservicecount", 
                    "title": "listprice.listpriceservicecount"
                }, 
                {
                    "series": "com.cisco.ccrc.quote.listprice.listpriceservicetimeoutprocess", 
                    "title": "listprice.listpriceservicetimeoutprocess"
                }, 
                {
                    "series": "com.cisco.ccrc.quote.lov.LOVServiceImpl.readLovDetails", 
                    "title": "lov.LOVServiceImpl.readLovDetails"
                }, 
                {
                    "series": "com.cisco.ccrc.quote.ngc.multiple.serviceattachcount", 
                    "title": "ngc.multiple.serviceattachcount"
                }, 
                {
                    "series": "com.cisco.ccrc.quote.ngc.multiple.serviceattachtimeoutprocess", 
                    "title": "ngc.multiple.serviceattachtimeoutprocess"
                }, 
                {
                    "series": "com.cisco.ccrc.quote.ngc.servicelovtimeoutprocess", 
                    "title": "ngc.servicelovtimeoutprocess"
                }, 
                {
                    "series": "com.cisco.ccrc.quote.ngcpunchout.NGCPunchoutServiceImpl.getResponseObjectFromXML", 
                    "title": "ngcpunchout.NGCPunchoutServiceImpl.getResponseObjectFromXML"
                }, 
                {
                    "series": "com.cisco.ccrc.quote.order.QuoteOrderServiceImpl.getAllErrors", 
                    "title": "order.QuoteOrderServiceImpl.getAllErrors"
                }, 
                {
                    "series": "com.cisco.ccrc.quote.security.access.UserAccessServiceImpl.setUserAccessMap", 
                    "title": "security.access.UserAccessServiceImpl.setUserAccessMap"
                }, 
                {
                    "series": "com.cisco.ccrc.quote.security.authorization.AuthorizationRuleComponent.executeRules", 
                    "title": "security.authorization.AuthorizationRuleComponent.executeRules"
                }, 
                {
                    "series": "com.cisco.ccrc.quote.security.authorization.AuthorizationRuleComponent.prepareFact", 
                    "title": "security.authorization.AuthorizationRuleComponent.prepareFact"
                }, 
                {
                    "series": "com.cisco.ccrc.quote.security.authorization.AuthorizationRuleComponent.prepareFactForUserValidation", 
                    "title": "security.authorization.AuthorizationRuleComponent.prepareFactForUserValidation"
                }, 
                {
                    "series": "com.cisco.ccrc.quote.serviceattach.ServiceAttachComponent.processResponse", 
                    "title": "serviceattach.ServiceAttachComponent.processResponse"
                }, 
                {
                    "series": "com.cisco.ccrc.quote.serviceattach.ServiceAttachErrorComponent.persistAttachErrors", 
                    "title": "serviceattach.ServiceAttachErrorComponent.persistAttachErrors"
                }, 
                {
                    "series": "com.cisco.ccrc.quote.serviceattach.ServiceAttachErrorComponent.processServiceAttachErrors", 
                    "title": "serviceattach.ServiceAttachErrorComponent.processServiceAttachErrors"
                }, 
                {
                    "series": "com.cisco.ccrc.quote.serviceattach.ServiceLevelAttachRequestComponent.prepareServiceLevelAttachRequest", 
                    "title": "serviceattach.ServiceLevelAttachRequestComponent.prepareServiceLevelAttachRequest"
                }, 
                {
                    "series": "com.cisco.ccrc.quote.serviceattach.uncovered.CreateNGCServiceComponent.attachServicesToConfiguration", 
                    "title": "serviceattach.uncovered.CreateNGCServiceComponent.attachServicesToConfiguration"
                }, 
                {
                    "series": "com.cisco.ccrc.quote.serviceattach.uncovered.CreateNGCServiceComponent.getServiceAttachRequest", 
                    "title": "serviceattach.uncovered.CreateNGCServiceComponent.getServiceAttachRequest"
                }, 
                {
                    "series": "com.cisco.ccrc.quote.servicelov.ServiceLevelLOVRequestComponent.prepareServiceLevelLOVRequest", 
                    "title": "servicelov.ServiceLevelLOVRequestComponent.prepareServiceLevelLOVRequest"
                }, 
                {
                    "series": "com.cisco.ccrc.quote.tax.TaxServiceImpl.getLargeQuoteTaxStatus.smartTaxCountNoCallCount", 
                    "title": "tax.TaxServiceImpl.getLargeQuoteTaxStatus.smartTaxCountNoCallCount"
                }, 
                {
                    "series": "com.cisco.ccrc.quote.tax.TaxServiceImpl.getLargeQuoteTaxStatus.taxCall1TCount", 
                    "title": "tax.TaxServiceImpl.getLargeQuoteTaxStatus.taxCall1TCount"
                }, 
                {
                    "series": "com.cisco.ccrc.quote.tax.TaxServiceImpl.getLargeQuoteTaxStatus.taxCall2TCount", 
                    "title": "tax.TaxServiceImpl.getLargeQuoteTaxStatus.taxCall2TCount"
                }, 
                {
                    "series": "com.cisco.ccrc.quote.validation.ErrorRollUp.correctNonEmptyTabErrorMap", 
                    "title": "validation.ErrorRollUp.correctNonEmptyTabErrorMap"
                }, 
                {
                    "series": "com.cisco.ccrc.quote.validation.ErrorRollUp.deleteMinorLineError", 
                    "title": "validation.ErrorRollUp.deleteMinorLineError"
                }, 
                {
                    "series": "com.cisco.ccrc.quote.validation.ErrorRollUp.errorRollup", 
                    "title": "validation.ErrorRollUp.errorRollup"
                }, 
                {
                    "series": "com.cisco.ccrc.quote.validation.ErrorRollUp.loadAndSaveValidationLineErrors", 
                    "title": "validation.ErrorRollUp.loadAndSaveValidationLineErrors"
                }, 
                {
                    "series": "com.cisco.ccrc.quote.validation.ErrorRollUp.prepareHeaderQuoteErrorDTO", 
                    "title": "validation.ErrorRollUp.prepareHeaderQuoteErrorDTO"
                }, 
                {
                    "series": "com.cisco.ccrc.quote.validation.OrderingProcessComponent.processOrder", 
                    "title": "validation.OrderingProcessComponent.processOrder"
                }, 
                {
                    "series": "com.cisco.ccrc.quote.validation.ResellerPriceComponent.processResetResellerNetPriceDetails", 
                    "title": "validation.ResellerPriceComponent.processResetResellerNetPriceDetails"
                }, 
                {
                    "series": "com.cisco.ccrc.quote.validation.ResellerPriceComponent.resetResellerNetPriceValues", 
                    "title": "validation.ResellerPriceComponent.resetResellerNetPriceValues"
                }, 
                {
                    "series": "com.cisco.ccrc.quote.validation.ValidationAPILargeQuote.invokeValidation.jsonSerialize", 
                    "title": "validation.ValidationAPILargeQuote.invokeValidation.jsonSerialize"
                }, 
                {
                    "series": "com.cisco.ccrc.quote.validation.ValidationAPILargeQuote.invokeValidation.validationType.HEADER", 
                    "title": "validation.ValidationAPILargeQuote.invokeValidation.validationType.HEADER"
                }, 
                {
                    "series": "com.cisco.ccrc.quote.validation.ValidationAPILargeQuote.invokeValidation.validationType.LINESBATCH", 
                    "title": "validation.ValidationAPILargeQuote.invokeValidation.validationType.LINESBATCH"
                }, 
                {
                    "series": "com.cisco.ccrc.quote.validation.ValidationAPILargeQuote.invokeValidation.validationType.NEWCONVERSION", 
                    "title": "validation.ValidationAPILargeQuote.invokeValidation.validationType.NEWCONVERSION"
                }, 
                {
                    "series": "com.cisco.ccrc.quote.validation.ValidationAPILargeQuote.invokeValidation.validationType.NEWDEAL", 
                    "title": "validation.ValidationAPILargeQuote.invokeValidation.validationType.NEWDEAL"
                }, 
                {
                    "series": "com.cisco.ccrc.quote.validation.ValidationAPILargeQuote.invokeValidation.validationType.NEWDEALPRICING", 
                    "title": "validation.ValidationAPILargeQuote.invokeValidation.validationType.NEWDEALPRICING"
                }, 
                {
                    "series": "com.cisco.ccrc.quote.validation.ValidationAPILargeQuote.invokeValidation.validationType.NEWNGC", 
                    "title": "validation.ValidationAPILargeQuote.invokeValidation.validationType.NEWNGC"
                }, 
                {
                    "series": "com.cisco.ccrc.quote.validation.ValidationAPILargeQuote.invokeValidation.validationType.NEWNONPRICING", 
                    "title": "validation.ValidationAPILargeQuote.invokeValidation.validationType.NEWNONPRICING"
                }, 
                {
                    "series": "com.cisco.ccrc.quote.validation.ValidationAPILargeQuote.invokeValidation.validationType.NEWPREHEADER", 
                    "title": "validation.ValidationAPILargeQuote.invokeValidation.validationType.NEWPREHEADER"
                }, 
                {
                    "series": "com.cisco.ccrc.quote.validation.ValidationAPILargeQuote.invokeValidation.validationType.NEWPRICING", 
                    "title": "validation.ValidationAPILargeQuote.invokeValidation.validationType.NEWPRICING"
                }, 
                {
                    "series": "com.cisco.ccrc.quote.validation.ValidationAPILargeQuote.invokeValidation.validationType.NEWSCORE", 
                    "title": "validation.ValidationAPILargeQuote.invokeValidation.validationType.NEWSCORE"
                }, 
                {
                    "series": "com.cisco.ccrc.quote.validation.ValidationAPILargeQuote.invokeValidation.validationType.NEWSHIPPING", 
                    "title": "validation.ValidationAPILargeQuote.invokeValidation.validationType.NEWSHIPPING"
                }, 
                {
                    "series": "com.cisco.ccrc.quote.validation.ValidationAPILargeQuote.invokeValidation.validationType.NEWTAX1T", 
                    "title": "validation.ValidationAPILargeQuote.invokeValidation.validationType.NEWTAX1T"
                }, 
                {
                    "series": "com.cisco.ccrc.quote.validation.ValidationAPILargeQuote.invokeValidation.validationType.NEWTAX2T", 
                    "title": "validation.ValidationAPILargeQuote.invokeValidation.validationType.NEWTAX2T"
                }, 
                {
                    "series": "com.cisco.ccrc.quote.validation.ValidationAPILargeQuote.invokeValidation.validationType.NONSTD", 
                    "title": "validation.ValidationAPILargeQuote.invokeValidation.validationType.NONSTD"
                }, 
                {
                    "series": "com.cisco.ccrc.quote.validation.ValidationAPILargeQuote.invokeValidation.validationType.ORDERHEADER", 
                    "title": "validation.ValidationAPILargeQuote.invokeValidation.validationType.ORDERHEADER"
                }, 
                {
                    "series": "com.cisco.ccrc.quote.validation.ValidationAPILargeQuote.invokeValidation.validationType.ORDERITEMS", 
                    "title": "validation.ValidationAPILargeQuote.invokeValidation.validationType.ORDERITEMS"
                }, 
                {
                    "series": "com.cisco.ccrc.quote.validation.ValidationAPILargeQuote.invokeValidation.validationType.PREORDER", 
                    "title": "validation.ValidationAPILargeQuote.invokeValidation.validationType.PREORDER"
                }, 
                {
                    "series": "com.cisco.ccrc.quote.validation.ValidationAPILargeQuote.invokeValidation.validationType.REVIEWALL", 
                    "title": "validation.ValidationAPILargeQuote.invokeValidation.validationType.REVIEWALL"
                }, 
                {
                    "series": "com.cisco.ccrc.quote.validation.ValidationAPILargeQuote.invokeValidation.validationType.REVIEWHEADER", 
                    "title": "validation.ValidationAPILargeQuote.invokeValidation.validationType.REVIEWHEADER"
                }, 
                {
                    "series": "com.cisco.ccrc.quote.validation.ValidationAPILargeQuote.invokeValidation.validationType.REVIEWITEMS", 
                    "title": "validation.ValidationAPILargeQuote.invokeValidation.validationType.REVIEWITEMS"
                }, 
                {
                    "series": "com.cisco.ccrc.quote.validation.ValidationProcessHelper.checkLineStatusMaps", 
                    "title": "validation.ValidationProcessHelper.checkLineStatusMaps"
                }, 
                {
                    "series": "com.cisco.ccrc.quote.validation.ValidationProcessHelper.headerBatchRollup", 
                    "title": "validation.ValidationProcessHelper.headerBatchRollup"
                }, 
                {
                    "series": "com.cisco.ccrc.quote.validation.ValidationProcessHelper.prepareValidationLines", 
                    "title": "validation.ValidationProcessHelper.prepareValidationLines"
                }, 
                {
                    "series": "com.cisco.ccrc.quote.validation.ValidationProcessHelper.rollupPricingAndShipping", 
                    "title": "validation.ValidationProcessHelper.rollupPricingAndShipping"
                }
            ], 
            "row-title": "Additional Metrics"
        }
    ]
}