{
    "dashboard_name": "quotelineedit", 
    "metrics": [
        {
            "panels": [
                {
                    "series": "com.cisco.ccrc.quotelineedit.controller.LineEditController.update", 
                    "title": "controller.LineEditController.update"
                }
            ], 
            "row-title": "Inbound REST API Call Metrics"
        }, 
        {
            "panels": [
                {
                    "series": "com.cisco.ccrc.quotelineedit.component.LineEditComponent.editLinesRequest", 
                    "title": "component.LineEditComponent.editLinesRequest"
                }
            ], 
            "row-title": "Outbound REST API Call Metrics"
        }, 
        {
            "panels": [], 
            "row-title": "Additional Metrics"
        }
    ]
}