{
    "dashboard_name": "sampleinvoice", 
    "metrics": [
        {
            "panels": [{
                    "series": "com.cisco.ccrc.orderconv.rest.SampleInvoiceController.generateSampleInvoice", 
                    "title": "SampleInvoiceController.generateSampleInvoice"
                }], 
            "row-title": "Inbound REST API Call Metrics"
        }, 
        {
            "panels": [
            	{
                    "series": "com.cisco.ccrc.orderconv.persistence.QuoteReadHelper.getQuoteHeader", 
                    "title": "persistence.QuoteReadHelper.getQuoteHeader"
                },
                {
                    "series": "com.cisco.ccrc.orderconv.persistence.QuoteReadHelper.getQuoteConfigurationMajor", 
                    "title": "persistence.QuoteReadHelper.getQuoteConfigurationMajor"
                }, 
                {
                    "series": "com.cisco.ccrc.orderconv.persistence.QuoteReadHelper.getQuoteConfigurationMinor", 
                    "title": "persistence.QuoteReadHelper.getQuoteConfigurationMinor"
                },
                {
                    "series": "com.cisco.ccrc.orderconv.persistence.QuoteReadHelper.getQuoteMajorLines", 
                    "title": "persistence.QuoteReadHelper.getQuoteMajorLines"
                }, 
                {
                    "series": "com.cisco.ccrc.orderconv.persistence.QuoteReadHelper.getQuoteMinorLines", 
                    "title": "persistence.QuoteReadHelper.getQuoteMinorLines"
                },
                {
                    "series": "com.cisco.ccrc.orderconv.client.ElasticServiceClient.getAddressDetails", 
                    "title": "ElasticServiceClient.getAddressDetails"
                }, 
                {
                    "series": "com.cisco.ccrc.orderconv.restserviceimpl.InvoiceSkuServiceImpl.getSKU", 
                    "title": "restserviceimpl.InvoiceSkuServiceImpl.getSKU"
                },
                {
                    "series": "com.cisco.ccrc.orderconv.persistence.PersistenceHelper.getQuoteHeaders", 
                    "title": "persistence.PersistenceHelper.getQuoteHeaders"
                }, 
                {
                    "series": "com.cisco.ccrc.orderconv.persistence.PersistenceHelper.getQotMajorLineList", 
                    "title": "persistence.PersistenceHelper.getQotMajorLineList"
                },
                {
                    "series": "com.cisco.ccrc.orderconv.persistence.PersistenceHelper.saveLines", 
                    "title": "persistence.PersistenceHelper.saveLines"
                }
                ], 
            "row-title": "Outbound REST API Call Metrics"
        }, 
        {
            "panels": [], 
            "row-title": "Additional Metrics"
        }
    ]
}