{
    "dashboard_name": "selectAll", 
    "metrics": [
        {
            "panels": [
                {
                    "series": "com.cisco.ccrc.selectAll.createQuoteHelper.generateCreateQuoteLineData.timer.raw", 
                    "title": "createQuoteHelper.generateCreateQuoteLineData.timer.raw"
                }
            ], 
            "row-title": "Inbound REST API Call Metrics"
        }, 
        {
            "panels": [
                {
                    "series": "com.cisco.ccrc.selectAll.SelectAllService.callElasticSearch.timer.raw", 
                    "title": "SelectAllService.callElasticSearch.timer.raw"
                }, 
                {
                    "series": "com.cisco.ccrc.selectAll.SelectAllService.callQOT.timer.raw", 
                    "title": "SelectAllService.callQOT.timer.raw"
                }, 
                {
                    "series": "com.cisco.ccrc.selectAll.authService.validateAccessToken.timer.raw", 
                    "title": "authService.validateAccessToken.timer.raw"
                }
            ], 
            "row-title": "Outbound REST API Call Metrics"
        }, 
        {
            "panels": [], 
            "row-title": "Additional Metrics"
        }
    ]
}