{
    "dashboard_name": "smartaccount", 
    "metrics": [
        {
            "panels": [
                {
                    "series": "com.cisco.ccrc.smartaccount.web.SmartAccountController.create", 
                    "title": "web.SmartAccountController.create"
                }, 
                {
                    "series": "com.cisco.ccrc.smartaccount.web.SmartAccountController.read", 
                    "title": "web.SmartAccountController.read"
                }
            ], 
            "row-title": "Inbound REST API Call Metrics"
        }, 
        {
            "panels": [
                {
                    "series": "com.cisco.ccrc.smartaccount.cache.ElasticClient.quoteErrors", 
                    "title": "cache.ElasticClient.quoteErrors"
                }, 
                {
                    "series": "com.cisco.ccrc.smartaccount.client.SmartAccountClient.invokeService", 
                    "title": "client.SmartAccountClient.invokeService"
                }
            ], 
            "row-title": "Outbound REST API Call Metrics"
        }, 
        {
            "panels": [
                {
                    "series": "com.cisco.ccrc.smartaccount.service.SmartAccountServiceImpl.create", 
                    "title": "service.SmartAccountServiceImpl.create"
                }, 
                {
                    "series": "com.cisco.ccrc.smartaccount.service.SmartAccountServiceImpl.read", 
                    "title": "service.SmartAccountServiceImpl.read"
                }
            ], 
            "row-title": "Additional Metrics"
        }
    ]
}