{
    "dashboard_name": "upaas", 
    "metrics": [
        {
            "panels": [
                {
                    "series": "com.cisco.ccrc.upaas.service.controller.AuditLogController.add", 
                    "title": "service.controller.AuditLogController.add"
                }, 
                {
                    "series": "com.cisco.ccrc.upaas.service.controller.ContractController.getContractParentInstanceIds", 
                    "title": "service.controller.ContractController.getContractParentInstanceIds"
                }, 
                {
                    "series": "com.cisco.ccrc.upaas.service.controller.PingCassandraController.ping", 
                    "title": "service.controller.PingCassandraController.ping"
                }
            ], 
            "row-title": "Inbound REST API Call Metrics"
        }, 
        {
            "panels": [], 
            "row-title": "Outbound REST API Call Metrics"
        }, 
        {
            "panels": [], 
            "row-title": "Additional Metrics"
        }
    ]
}