{
    "dashboard_name": "uploadService", 
    "metrics": [
        {
            "panels": [
                {
                    "series": "com.cisco.ccrc.uploadService.lines.total.time", 
                    "title": "lines.total.time"
                }, 
                {
                    "series": "com.cisco.ccrc.uploadService.quotes.total.time", 
                    "title": "quotes.total.time"
                }
            ], 
            "row-title": "Inbound REST API Call Metrics"
        }, 
        {
            "panels": [
                {
                    "series": "com.cisco.ccrc.uploadService.lines.esHelper.getContractsDataForIChunk", 
                    "title": "lines.esHelper.getContractsDataForIChunk"
                }, 
                {
                    "series": "com.cisco.ccrc.uploadService.lines.esHelper.getContractsDataForSChunk", 
                    "title": "lines.esHelper.getContractsDataForSChunk"
                }, 
                {
                    "series": "com.cisco.ccrc.uploadService.lines.esHelper.getServiceLevelData", 
                    "title": "lines.esHelper.getServiceLevelData"
                }, 
                {
                    "series": "com.cisco.ccrc.uploadService.lines.lineHelper.addLinesToQuote", 
                    "title": "lines.lineHelper.addLinesToQuote"
                }, 
                {
                    "series": "com.cisco.ccrc.uploadService.lines.oauthHelper.executeCallbackIfAccessTokenIsValid", 
                    "title": "lines.oauthHelper.executeCallbackIfAccessTokenIsValid"
                }, 
                {
                    "series": "com.cisco.ccrc.uploadService.quotes.esHelper.getContractsDataForIChunk", 
                    "title": "quotes.esHelper.getContractsDataForIChunk"
                }, 
                {
                    "series": "com.cisco.ccrc.uploadService.quotes.esHelper.getContractsDataForSChunk", 
                    "title": "quotes.esHelper.getContractsDataForSChunk"
                }, 
                {
                    "series": "com.cisco.ccrc.uploadService.quotes.esHelper.getServiceLevelData", 
                    "title": "quotes.esHelper.getServiceLevelData"
                }, 
                {
                    "series": "com.cisco.ccrc.uploadService.quotes.lineHelper.addLinesToQuote", 
                    "title": "quotes.lineHelper.addLinesToQuote"
                }, 
                {
                    "series": "com.cisco.ccrc.uploadService.quotes.quoteHelper.createShellQuote", 
                    "title": "quotes.quoteHelper.createShellQuote"
                }, 
                {
                    "series": "com.cisco.ccrc.uploadService.quotes.quoteHelper.deleteQuote", 
                    "title": "quotes.quoteHelper.deleteQuote"
                }
            ], 
            "row-title": "Outbound REST API Call Metrics"
        }, 
        {
            "panels": [
                {
                    "series": "com.cisco.ccrc.uploadService.lines.ccrcUploadErrorReporter.writeErrorReportFileCSV", 
                    "title": "lines.ccrcUploadErrorReporter.writeErrorReportFileCSV"
                }, 
                {
                    "series": "com.cisco.ccrc.uploadService.lines.ccrcUploadErrorReporter.writeErrorReportFileXLSX", 
                    "title": "lines.ccrcUploadErrorReporter.writeErrorReportFileXLSX"
                }, 
                {
                    "series": "com.cisco.ccrc.uploadService.lines.esHelper.getContractsDataForInstanceNumbers", 
                    "title": "lines.esHelper.getContractsDataForInstanceNumbers"
                }, 
                {
                    "series": "com.cisco.ccrc.uploadService.lines.esHelper.getContractsDataForSerialNumbers", 
                    "title": "lines.esHelper.getContractsDataForSerialNumbers"
                }, 
                {
                    "series": "com.cisco.ccrc.uploadService.lines.excelReader.readExcelFile", 
                    "title": "lines.excelReader.readExcelFile"
                }, 
                {
                    "series": "com.cisco.ccrc.uploadService.lines.sanityValidator.sanityFilter", 
                    "title": "lines.sanityValidator.sanityFilter"
                }, 
                {
                    "series": "com.cisco.ccrc.uploadService.quotes.ccrcUploadErrorReporter.writeErrorReportFileCSV", 
                    "title": "quotes.ccrcUploadErrorReporter.writeErrorReportFileCSV"
                }, 
                {
                    "series": "com.cisco.ccrc.uploadService.quotes.ccrcUploadErrorReporter.writeErrorReportFileXLSX", 
                    "title": "quotes.ccrcUploadErrorReporter.writeErrorReportFileXLSX"
                }, 
                {
                    "series": "com.cisco.ccrc.uploadService.quotes.esHelper.getContractsDataForInstanceNumbers", 
                    "title": "quotes.esHelper.getContractsDataForInstanceNumbers"
                }, 
                {
                    "series": "com.cisco.ccrc.uploadService.quotes.esHelper.getContractsDataForSerialNumbers", 
                    "title": "quotes.esHelper.getContractsDataForSerialNumbers"
                }, 
                {
                    "series": "com.cisco.ccrc.uploadService.quotes.excelReader.readExcelFile", 
                    "title": "quotes.excelReader.readExcelFile"
                }, 
                {
                    "series": "com.cisco.ccrc.uploadService.quotes.oauthHelper.executeCallbackIfAccessTokenIsValid", 
                    "title": "quotes.oauthHelper.executeCallbackIfAccessTokenIsValid"
                }, 
                {
                    "series": "com.cisco.ccrc.uploadService.quotes.sanityValidator.sanityFilter", 
                    "title": "quotes.sanityValidator.sanityFilter"
                }
            ], 
            "row-title": "Additional Metrics"
        }
    ]
}